receptor,rep,simID,y,family,label,traj_file,top_file,graph_file,scalar_file,chunk_file,n_frames_total,traj_id
Adenosine_receptor_A2a~2YDV_A,1,32,1.0,Adenosine,multi_state,Adenosine_receptor_A2a~2YDV_A~unknown~10360_trj_32.xtc,Adenosine_receptor_A2a~2YDV_A~unknown~10363_dyn_32.psf,Adenosine_receptor_A2a_2YDV_A_rep1_32.npy,Adenosine_receptor_A2a_2YDV_A_sim32_rep1.npy,Adenosine_receptor_A2a_2YDV_A_sim32_rep1.npy,2250,Adenosine_receptor_A2a_2YDV_A_rep1_32
Adenosine_receptor_A2a~2YDV_A,1,33,1.0,Adenosine,multi_state,Adenosine_receptor_A2a~2YDV_A~unknown~10366_trj_33.xtc,Adenosine_receptor_A2a~2YDV_A~unknown~10371_dyn_33.psf,Adenosine_receptor_A2a_2YDV_A_rep1_33.npy,Adenosine_receptor_A2a_2YDV_A_sim33_rep1.npy,Adenosine_receptor_A2a_2YDV_A_sim33_rep1.npy,2500,Adenosine_receptor_A2a_2YDV_A_rep1_33
Adenosine_receptor_A2a~3EML,1,7,0.0,Adenosine,single_state,Adenosine_receptor_A2a~3EML~unknown~10166_trj_7.dcd,Adenosine_receptor_A2a~3EML~unknown~10167_dyn_7.psf,Adenosine_receptor_A2a_3EML_rep1_7.npy,Adenosine_receptor_A2a_3EML_sim7_rep1.npy,Adenosine_receptor_A2a_3EML_sim7_rep1.npy,997,Adenosine_receptor_A2a_3EML_rep1_7
Adenosine_receptor_A2a~3QAK_A,1,34,0.0,Adenosine,single_state,Adenosine_receptor_A2a~3QAK_A~unknown~10374_trj_34.xtc,Adenosine_receptor_A2a~3QAK_A~unknown~10378_dyn_34.psf,Adenosine_receptor_A2a_3QAK_A_rep1_34.npy,Adenosine_receptor_A2a_3QAK_A_sim34_rep1.npy,Adenosine_receptor_A2a_3QAK_A_sim34_rep1.npy,2500,Adenosine_receptor_A2a_3QAK_A_rep1_34
Adenosine_receptor_A2a~3RFM_A,1,37,0.0,Adenosine,single_state,Adenosine_receptor_A2a~3RFM_A~unknown~10406_trj_37.xtc,Adenosine_receptor_A2a~3RFM_A~unknown~10403_dyn_37.psf,Adenosine_receptor_A2a_3RFM_A_rep1_37.npy,Adenosine_receptor_A2a_3RFM_A_sim37_rep1.npy,Adenosine_receptor_A2a_3RFM_A_sim37_rep1.npy,2500,Adenosine_receptor_A2a_3RFM_A_rep1_37
Adenosine_receptor_A2a~3RFM_A,1,38,0.0,Adenosine,single_state,Adenosine_receptor_A2a~3RFM_A~unknown~10414_trj_38.xtc,Adenosine_receptor_A2a~3RFM_A~38~10411_dyn_38.psf,Adenosine_receptor_A2a_3RFM_A_rep1_38.npy,Adenosine_receptor_A2a_3RFM_A_sim38_rep1.npy,Adenosine_receptor_A2a_3RFM_A_sim38_rep1.npy,2500,Adenosine_receptor_A2a_3RFM_A_rep1_38
Adenosine_receptor_A2a~4UHR_A,1,45,0.0,Adenosine,single_state,Adenosine_receptor_A2a~4UHR_A~unknown~10470_trj_45.xtc,Adenosine_receptor_A2a~4UHR_A~unknown~10475_dyn_45.psf,Adenosine_receptor_A2a_4UHR_A_rep1_45.npy,Adenosine_receptor_A2a_4UHR_A_sim45_rep1.npy,Adenosine_receptor_A2a_4UHR_A_sim45_rep1.npy,2500,Adenosine_receptor_A2a_4UHR_A_rep1_45
Adenosine_receptor_A2a~4UHR_A,1,46,0.0,Adenosine,single_state,Adenosine_receptor_A2a~4UHR_A~unknown~10484_trj_46.xtc,Adenosine_receptor_A2a~4UHR_A~unknown~10482_dyn_46.psf,Adenosine_receptor_A2a_4UHR_A_rep1_46.npy,Adenosine_receptor_A2a_4UHR_A_sim46_rep1.npy,Adenosine_receptor_A2a_4UHR_A_sim46_rep1.npy,1000,Adenosine_receptor_A2a_4UHR_A_rep1_46
Adenosine_receptor_A2a~5G53_A,2,48,0.0,Adenosine,single_state,Adenosine_receptor_A2a~5G53_A~unknown~10496_trj_48.xtc,Adenosine_receptor_A2a~5G53_A~48~10499_dyn_48.psf,Adenosine_receptor_A2a_5G53_A_rep2_48.npy,Adenosine_receptor_A2a_5G53_A_sim48_rep2.npy,Adenosine_receptor_A2a_5G53_A_sim48_rep2.npy,500,Adenosine_receptor_A2a_5G53_A_rep2_48
Adenosine_receptor_A2a~5IU7_A,1,51,0.0,Adenosine,single_state,Adenosine_receptor_A2a~5IU7_A~unknown~10520_trj_51.xtc,Adenosine_receptor_A2a~5IU7_A~unknown~10525_dyn_51.psf,Adenosine_receptor_A2a_5IU7_A_rep1_51.npy,Adenosine_receptor_A2a_5IU7_A_sim51_rep1.npy,Adenosine_receptor_A2a_5IU7_A_sim51_rep1.npy,2500,Adenosine_receptor_A2a_5IU7_A_rep1_51
Adenosine_receptor_A2a~5IU8_A,1,52,1.0,Adenosine,multi_state,Adenosine_receptor_A2a~5IU8_A~unknown~10529_trj_52.xtc,Adenosine_receptor_A2a~5IU8_A~unknown~10534_dyn_52.psf,Adenosine_receptor_A2a_5IU8_A_rep1_52.npy,Adenosine_receptor_A2a_5IU8_A_sim52_rep1.npy,Adenosine_receptor_A2a_5IU8_A_sim52_rep1.npy,2500,Adenosine_receptor_A2a_5IU8_A_rep1_52
Adenosine_receptor_A2a~5OLG,1,922,0.0,Adenosine,single_state,Adenosine_receptor_A2a~5OLG~unknown~16604_trj_922.xtc,Adenosine_receptor_A2a~5OLG~922~16601_dyn_922.psf,Adenosine_receptor_A2a_5OLG_rep1_922.npy,Adenosine_receptor_A2a_5OLG_sim922_rep1.npy,Adenosine_receptor_A2a_5OLG_sim922_rep1.npy,2500,Adenosine_receptor_A2a_5OLG_rep1_922
Adenosine_receptor_A2a~5OLH,1,930,1.0,Adenosine,multi_state,Adenosine_receptor_A2a~5OLH~unknown~16660_trj_930.xtc,Adenosine_receptor_A2a~5OLH~930~16657_dyn_930.psf,Adenosine_receptor_A2a_5OLH_rep1_930.npy,Adenosine_receptor_A2a_5OLH_sim930_rep1.npy,Adenosine_receptor_A2a_5OLH_sim930_rep1.npy,2500,Adenosine_receptor_A2a_5OLH_rep1_930
Adenosine_receptor_A2a~5VRA,1,1011,1.0,Adenosine,multi_state,Adenosine_receptor_A2a~5VRA~unknown~17202_trj_1011.xtc,Adenosine_receptor_A2a~5VRA~1011~17199_dyn_1011.psf,Adenosine_receptor_A2a_5VRA_rep1_1011.npy,Adenosine_receptor_A2a_5VRA_sim1011_rep1.npy,Adenosine_receptor_A2a_5VRA_sim1011_rep1.npy,2500,Adenosine_receptor_A2a_5VRA_rep1_1011
Beta-1_adrenergic_receptor~2Y02_B,1,17,0.0,Adrenergic,single_state,Beta-1_adrenergic_receptor~2Y02_B~unknown~10233_trj_17.xtc,Beta-1_adrenergic_receptor~2Y02_B~unknown~10238_dyn_17.psf,Beta-1_adrenergic_receptor_2Y02_B_rep1_17.npy,Beta-1_adrenergic_receptor_2Y02_B_sim17_rep1.npy,Beta-1_adrenergic_receptor_2Y02_B_sim17_rep1.npy,1000,Beta-1_adrenergic_receptor_2Y02_B_rep1_17
Beta-1_adrenergic_receptor~2Y02_B,1,18,0.0,Adrenergic,single_state,Beta-1_adrenergic_receptor~2Y02_B~unknown~10244_trj_18.xtc,Beta-1_adrenergic_receptor~2Y02_B~unknown~10242_dyn_18.psf,Beta-1_adrenergic_receptor_2Y02_B_rep1_18.npy,Beta-1_adrenergic_receptor_2Y02_B_sim18_rep1.npy,Beta-1_adrenergic_receptor_2Y02_B_sim18_rep1.npy,2500,Beta-1_adrenergic_receptor_2Y02_B_rep1_18
Beta-1_adrenergic_receptor~2Y02_B,1,19,0.0,Adrenergic,single_state,Beta-1_adrenergic_receptor~2Y02_B~unknown~10255_trj_19.xtc,Beta-1_adrenergic_receptor~2Y02_B~19~10254_dyn_19.psf,Beta-1_adrenergic_receptor_2Y02_B_rep1_19.npy,Beta-1_adrenergic_receptor_2Y02_B_sim19_rep1.npy,Beta-1_adrenergic_receptor_2Y02_B_sim19_rep1.npy,2500,Beta-1_adrenergic_receptor_2Y02_B_rep1_19
Beta-1_adrenergic_receptor~2Y02_B,1,20,0.0,Adrenergic,single_state,Beta-1_adrenergic_receptor~2Y02_B~unknown~10263_trj_20.xtc,Beta-1_adrenergic_receptor~2Y02_B~unknown~10260_dyn_20.psf,Beta-1_adrenergic_receptor_2Y02_B_rep1_20.npy,Beta-1_adrenergic_receptor_2Y02_B_sim20_rep1.npy,Beta-1_adrenergic_receptor_2Y02_B_sim20_rep1.npy,2500,Beta-1_adrenergic_receptor_2Y02_B_rep1_20
Beta-1_adrenergic_receptor~2Y04_B,1,27,1.0,Adrenergic,multi_state,Beta-1_adrenergic_receptor~2Y04_B~unknown~10318_trj_27.xtc,Beta-1_adrenergic_receptor~2Y04_B~unknown~10315_dyn_27.psf,Beta-1_adrenergic_receptor_2Y04_B_rep1_27.npy,Beta-1_adrenergic_receptor_2Y04_B_sim27_rep1.npy,Beta-1_adrenergic_receptor_2Y04_B_sim27_rep1.npy,2500,Beta-1_adrenergic_receptor_2Y04_B_rep1_27
Beta-1_adrenergic_receptor~2Y04_B,1,28,1.0,Adrenergic,multi_state,Beta-1_adrenergic_receptor~2Y04_B~unknown~10326_trj_28.xtc,Beta-1_adrenergic_receptor~2Y04_B~unknown~10323_dyn_28.psf,Beta-1_adrenergic_receptor_2Y04_B_rep1_28.npy,Beta-1_adrenergic_receptor_2Y04_B_sim28_rep1.npy,Beta-1_adrenergic_receptor_2Y04_B_sim28_rep1.npy,2500,Beta-1_adrenergic_receptor_2Y04_B_rep1_28
Beta-1_adrenergic_receptor~2Y04_B,1,55,1.0,Adrenergic,multi_state,Beta-1_adrenergic_receptor~2Y04_B~unknown~10556_trj_55.xtc,Beta-1_adrenergic_receptor~2Y04_B~unknown~10559_dyn_55.psf,Beta-1_adrenergic_receptor_2Y04_B_rep1_55.npy,Beta-1_adrenergic_receptor_2Y04_B_sim55_rep1.npy,Beta-1_adrenergic_receptor_2Y04_B_sim55_rep1.npy,2500,Beta-1_adrenergic_receptor_2Y04_B_rep1_55
Beta-1_adrenergic_receptor~3ZPQ_B,1,131,0.0,Adrenergic,single_state,Beta-1_adrenergic_receptor~3ZPQ_B~unknown~11255_trj_131.xtc,Beta-1_adrenergic_receptor~3ZPQ_B~unknown~11259_dyn_131.psf,Beta-1_adrenergic_receptor_3ZPQ_B_rep1_131.npy,Beta-1_adrenergic_receptor_3ZPQ_B_sim131_rep1.npy,Beta-1_adrenergic_receptor_3ZPQ_B_sim131_rep1.npy,1500,Beta-1_adrenergic_receptor_3ZPQ_B_rep1_131
Beta-1_adrenergic_receptor~3ZPQ_B,1,132,0.0,Adrenergic,single_state,Beta-1_adrenergic_receptor~3ZPQ_B~unknown~11263_trj_132.xtc,Beta-1_adrenergic_receptor~3ZPQ_B~unknown~11268_dyn_132.psf,Beta-1_adrenergic_receptor_3ZPQ_B_rep1_132.npy,Beta-1_adrenergic_receptor_3ZPQ_B_sim132_rep1.npy,Beta-1_adrenergic_receptor_3ZPQ_B_sim132_rep1.npy,1500,Beta-1_adrenergic_receptor_3ZPQ_B_rep1_132
Beta-1_adrenergic_receptor~3ZPQ_B,1,133,0.0,Adrenergic,single_state,Beta-1_adrenergic_receptor~3ZPQ_B~unknown~11275_trj_133.xtc,Beta-1_adrenergic_receptor~3ZPQ_B~unknown~11277_dyn_133.psf,Beta-1_adrenergic_receptor_3ZPQ_B_rep1_133.npy,Beta-1_adrenergic_receptor_3ZPQ_B_sim133_rep1.npy,Beta-1_adrenergic_receptor_3ZPQ_B_sim133_rep1.npy,2500,Beta-1_adrenergic_receptor_3ZPQ_B_rep1_133
Beta-1_adrenergic_receptor~3ZPQ_B,1,134,0.0,Adrenergic,single_state,Beta-1_adrenergic_receptor~3ZPQ_B~unknown~11282_trj_134.xtc,Beta-1_adrenergic_receptor~3ZPQ_B~unknown~11285_dyn_134.psf,Beta-1_adrenergic_receptor_3ZPQ_B_rep1_134.npy,Beta-1_adrenergic_receptor_3ZPQ_B_sim134_rep1.npy,Beta-1_adrenergic_receptor_3ZPQ_B_sim134_rep1.npy,2500,Beta-1_adrenergic_receptor_3ZPQ_B_rep1_134
Beta-1_adrenergic_receptor~4AMI_A,1,138,0.0,Adrenergic,single_state,Beta-1_adrenergic_receptor~4AMI_A~unknown~11313_trj_138.xtc,Beta-1_adrenergic_receptor~4AMI_A~unknown~11318_dyn_138.psf,Beta-1_adrenergic_receptor_4AMI_A_rep1_138.npy,Beta-1_adrenergic_receptor_4AMI_A_sim138_rep1.npy,Beta-1_adrenergic_receptor_4AMI_A_sim138_rep1.npy,2500,Beta-1_adrenergic_receptor_4AMI_A_rep1_138
Beta-1_adrenergic_receptor~4AMI_A,1,140,0.0,Adrenergic,single_state,Beta-1_adrenergic_receptor~4AMI_A~unknown~11333_trj_140.xtc,Beta-1_adrenergic_receptor~4AMI_A~unknown~11335_dyn_140.psf,Beta-1_adrenergic_receptor_4AMI_A_rep1_140.npy,Beta-1_adrenergic_receptor_4AMI_A_sim140_rep1.npy,Beta-1_adrenergic_receptor_4AMI_A_sim140_rep1.npy,2500,Beta-1_adrenergic_receptor_4AMI_A_rep1_140
Beta-1_adrenergic_receptor~4BVN_A,1,143,0.0,Adrenergic,single_state,Beta-1_adrenergic_receptor~4BVN_A~unknown~11356_trj_143.xtc,Beta-1_adrenergic_receptor~4BVN_A~unknown~11359_dyn_143.psf,Beta-1_adrenergic_receptor_4BVN_A_rep1_143.npy,Beta-1_adrenergic_receptor_4BVN_A_sim143_rep1.npy,Beta-1_adrenergic_receptor_4BVN_A_sim143_rep1.npy,2500,Beta-1_adrenergic_receptor_4BVN_A_rep1_143
Beta-1_adrenergic_receptor~4BVN_A,1,144,0.0,Adrenergic,single_state,Beta-1_adrenergic_receptor~4BVN_A~unknown~11364_trj_144.xtc,Beta-1_adrenergic_receptor~4BVN_A~unknown~11369_dyn_144.psf,Beta-1_adrenergic_receptor_4BVN_A_rep1_144.npy,Beta-1_adrenergic_receptor_4BVN_A_sim144_rep1.npy,Beta-1_adrenergic_receptor_4BVN_A_sim144_rep1.npy,2500,Beta-1_adrenergic_receptor_4BVN_A_rep1_144
Beta-1_adrenergic_receptor~4BVN_A,1,58,0.0,Adrenergic,single_state,Beta-1_adrenergic_receptor~4BVN_A~unknown~11837_trj_58.xtc,Beta-1_adrenergic_receptor~4BVN_A~58~10587_dyn_58.psf,Beta-1_adrenergic_receptor_4BVN_A_rep1_58.npy,Beta-1_adrenergic_receptor_4BVN_A_sim58_rep1.npy,Beta-1_adrenergic_receptor_4BVN_A_sim58_rep1.npy,2500,Beta-1_adrenergic_receptor_4BVN_A_rep1_58
Beta-2_adrenergic_receptor~2RH1_A,1,11,0.0,Adrenergic,single_state,Beta-2_adrenergic_receptor~2RH1_A~unknown~10185_trj_11.xtc,Beta-2_adrenergic_receptor~2RH1_A~11~10188_dyn_11.psf,Beta-2_adrenergic_receptor_2RH1_A_rep1_11.npy,Beta-2_adrenergic_receptor_2RH1_A_sim11_rep1.npy,Beta-2_adrenergic_receptor_2RH1_A_sim11_rep1.npy,2500,Beta-2_adrenergic_receptor_2RH1_A_rep1_11
Beta-2_adrenergic_receptor~3D4S_A,1,65,0.0,Adrenergic,single_state,Beta-2_adrenergic_receptor~3D4S_A~unknown~10647_trj_65.xtc,Beta-2_adrenergic_receptor~3D4S_A~unknown~10652_dyn_65.psf,Beta-2_adrenergic_receptor_3D4S_A_rep1_65.npy,Beta-2_adrenergic_receptor_3D4S_A_sim65_rep1.npy,Beta-2_adrenergic_receptor_3D4S_A_sim65_rep1.npy,2500,Beta-2_adrenergic_receptor_3D4S_A_rep1_65
Beta-2_adrenergic_receptor~3D4S_A,1,83,0.0,Adrenergic,single_state,Beta-2_adrenergic_receptor~3D4S_A~unknown~10806_trj_83.xtc,Beta-2_adrenergic_receptor~3D4S_A~unknown~10811_dyn_83.psf,Beta-2_adrenergic_receptor_3D4S_A_rep1_83.npy,Beta-2_adrenergic_receptor_3D4S_A_sim83_rep1.npy,Beta-2_adrenergic_receptor_3D4S_A_sim83_rep1.npy,2500,Beta-2_adrenergic_receptor_3D4S_A_rep1_83
Beta-2_adrenergic_receptor~3NY9_A,1,99,1.0,Adrenergic,multi_state,Beta-2_adrenergic_receptor~3NY9_A~unknown~10945_trj_99.xtc,Beta-2_adrenergic_receptor~3NY9_A~unknown~10950_dyn_99.psf,Beta-2_adrenergic_receptor_3NY9_A_rep1_99.npy,Beta-2_adrenergic_receptor_3NY9_A_sim99_rep1.npy,Beta-2_adrenergic_receptor_3NY9_A_sim99_rep1.npy,2500,Beta-2_adrenergic_receptor_3NY9_A_rep1_99
Beta-2_adrenergic_receptor~3PDS_A,1,107,0.0,Adrenergic,single_state,Beta-2_adrenergic_receptor~3PDS_A~unknown~11015_trj_107.xtc,Beta-2_adrenergic_receptor~3PDS_A~unknown~11019_dyn_107.psf,Beta-2_adrenergic_receptor_3PDS_A_rep1_107.npy,Beta-2_adrenergic_receptor_3PDS_A_sim107_rep1.npy,Beta-2_adrenergic_receptor_3PDS_A_sim107_rep1.npy,2500,Beta-2_adrenergic_receptor_3PDS_A_rep1_107
Beta-2_adrenergic_receptor~4LDE_A,1,113,0.0,Adrenergic,single_state,Beta-2_adrenergic_receptor~4LDE_A~unknown~11073_trj_113.xtc,Beta-2_adrenergic_receptor~4LDE_A~unknown~11076_dyn_113.psf,Beta-2_adrenergic_receptor_4LDE_A_rep1_113.npy,Beta-2_adrenergic_receptor_4LDE_A_sim113_rep1.npy,Beta-2_adrenergic_receptor_4LDE_A_sim113_rep1.npy,2500,Beta-2_adrenergic_receptor_4LDE_A_rep1_113
Beta-2_adrenergic_receptor~4LDE_A,1,121,0.0,Adrenergic,single_state,Beta-2_adrenergic_receptor~4LDE_A~unknown~11165_trj_121.xtc,Beta-2_adrenergic_receptor~4LDE_A~unknown~11168_dyn_121.psf,Beta-2_adrenergic_receptor_4LDE_A_rep1_121.npy,Beta-2_adrenergic_receptor_4LDE_A_sim121_rep1.npy,Beta-2_adrenergic_receptor_4LDE_A_sim121_rep1.npy,2500,Beta-2_adrenergic_receptor_4LDE_A_rep1_121
Beta-2_adrenergic_receptor~4LDL_A,1,114,0.0,Adrenergic,single_state,Beta-2_adrenergic_receptor~4LDL_A~unknown~11085_trj_114.xtc,Beta-2_adrenergic_receptor~4LDL_A~unknown~11088_dyn_114.psf,Beta-2_adrenergic_receptor_4LDL_A_rep1_114.npy,Beta-2_adrenergic_receptor_4LDL_A_sim114_rep1.npy,Beta-2_adrenergic_receptor_4LDL_A_sim114_rep1.npy,2500,Beta-2_adrenergic_receptor_4LDL_A_rep1_114
Beta-2_adrenergic_receptor~4QKX_A,1,82,1.0,Adrenergic,multi_state,Beta-2_adrenergic_receptor~4QKX_A~unknown~10799_trj_82.xtc,Beta-2_adrenergic_receptor~4QKX_A~unknown~10803_dyn_82.psf,Beta-2_adrenergic_receptor_4QKX_A_rep1_82.npy,Beta-2_adrenergic_receptor_4QKX_A_sim82_rep1.npy,Beta-2_adrenergic_receptor_4QKX_A_sim82_rep1.npy,2500,Beta-2_adrenergic_receptor_4QKX_A_rep1_82
Beta-2_adrenergic_receptor~6OBA,2,1130,0.0,Adrenergic,single_state,Beta-2_adrenergic_receptor~6OBA~unknown~18627_trj_1130.xtc,Beta-2_adrenergic_receptor~6OBA~1130~18624_dyn_1130.psf,Beta-2_adrenergic_receptor_6OBA_rep2_1130.npy,Beta-2_adrenergic_receptor_6OBA_sim1130_rep2.npy,Beta-2_adrenergic_receptor_6OBA_sim1130_rep2.npy,2500,Beta-2_adrenergic_receptor_6OBA_rep2_1130
Beta-arrestin-2~6U1N,1,1219,0.0,Arrestin,single_state,Beta-arrestin-2~6U1N~unknown~19048_trj_1219.xtc,Beta-arrestin-2~6U1N~unknown~19047_dyn_1219.psf,Beta-arrestin-2_6U1N_rep1_1219.npy,Beta-arrestin-2_6U1N_sim1219_rep1.npy,Beta-arrestin-2_6U1N_sim1219_rep1.npy,1000,Beta-arrestin-2_6U1N_rep1_1219
Beta-arrestin-2~6U1N,2,1224,0.0,Arrestin,single_state,Beta-arrestin-2~6U1N~unknown~19068_trj_1224.xtc,Beta-arrestin-2~6U1N~1224~19067_dyn_1224.psf,Beta-arrestin-2_6U1N_rep2_1224.npy,Beta-arrestin-2_6U1N_sim1224_rep2.npy,Beta-arrestin-2_6U1N_sim1224_rep2.npy,1000,Beta-arrestin-2_6U1N_rep2_1224
Beta-arrestin-2~6U1N,1,1225,0.0,Arrestin,single_state,Beta-arrestin-2~6U1N~unknown~19072_trj_1225.xtc,Beta-arrestin-2~6U1N~1225~19071_dyn_1225.psf,Beta-arrestin-2_6U1N_rep1_1225.npy,Beta-arrestin-2_6U1N_sim1225_rep1.npy,Beta-arrestin-2_6U1N_sim1225_rep1.npy,1000,Beta-arrestin-2_6U1N_rep1_1225
unknown~3P2D,1,2072,0.0,Arrestin,single_state,unknown~3P2D~unknown~24104_trj_2072.xtc,unknown~3P2D~unknown~24103_dyn_2072.psf,unknown_3P2D_rep1_2072.npy,unknown_3P2D_sim2072_rep1.npy,unknown_3P2D_sim2072_rep1.npy,2100,unknown_3P2D_rep1_2072
unknown~3P2D,1,2077,0.0,Arrestin,single_state,unknown~3P2D~unknown~24130_trj_2077.xtc,unknown~3P2D~unknown~24129_dyn_2077.psf,unknown_3P2D_rep1_2077.npy,unknown_3P2D_sim2077_rep1.npy,unknown_3P2D_sim2077_rep1.npy,1500,unknown_3P2D_rep1_2077
unknown~3P2D,1,2078,0.0,Arrestin,single_state,unknown~3P2D~unknown~24134_trj_2078.xtc,unknown~3P2D~unknown~24133_dyn_2078.psf,unknown_3P2D_rep1_2078.npy,unknown_3P2D_sim2078_rep1.npy,unknown_3P2D_sim2078_rep1.npy,2100,unknown_3P2D_rep1_2078
unknown~6K3F,1,2054,0.0,Arrestin,single_state,unknown~6K3F~unknown~24012_trj_2054.dcd,unknown~6K3F~unknown~24011_dyn_2054.psf,unknown_6K3F_rep1_2054.npy,unknown_6K3F_sim2054_rep1.npy,unknown_6K3F_sim2054_rep1.npy,3000,unknown_6K3F_rep1_2054
CNR1~6N4B,1,2067,0.0,Cannabinoid,single_state,CNR1~6N4B~active~24048_trj_2067.xtc,CNR1~6N4B~active~24047_dyn_2067.psf,CNR1_6N4B_rep1_2067.npy,CNR1_6N4B_sim2067_rep1.npy,CNR1_6N4B_sim2067_rep1.npy,6000,CNR1_6N4B_rep1_2067
Cannabinoid_receptor_1~5TGZ_A,1,162,0.0,Cannabinoid,single_state,Cannabinoid_receptor_1~5TGZ_A~unknown~11508_trj_162.xtc,Cannabinoid_receptor_1~5TGZ_A~unknown~11512_dyn_162.psf,Cannabinoid_receptor_1_5TGZ_A_rep1_162.npy,Cannabinoid_receptor_1_5TGZ_A_sim162_rep1.npy,Cannabinoid_receptor_1_5TGZ_A_sim162_rep1.npy,2000,Cannabinoid_receptor_1_5TGZ_A_rep1_162
Cannabinoid_receptor_1~5U09_A,1,163,0.0,Cannabinoid,single_state,Cannabinoid_receptor_1~5U09_A~unknown~11516_trj_163.xtc,Cannabinoid_receptor_1~5U09_A~unknown~11521_dyn_163.psf,Cannabinoid_receptor_1_5U09_A_rep1_163.npy,Cannabinoid_receptor_1_5U09_A_sim163_rep1.npy,Cannabinoid_receptor_1_5U09_A_sim163_rep1.npy,2500,Cannabinoid_receptor_1_5U09_A_rep1_163
Cannabinoid_receptor_1~5U09_A,1,22,0.0,Cannabinoid,single_state,Cannabinoid_receptor_1~5U09_A~unknown~10280_trj_22.xtc,Cannabinoid_receptor_1~5U09_A~unknown~10277_dyn_22.psf,Cannabinoid_receptor_1_5U09_A_rep1_22.npy,Cannabinoid_receptor_1_5U09_A_sim22_rep1.npy,Cannabinoid_receptor_1_5U09_A_sim22_rep1.npy,2500,Cannabinoid_receptor_1_5U09_A_rep1_22
unknown~6KPF,2,2215,0.0,Cannabinoid,single_state,unknown~6KPF~unknown~24783_trj_2215.xtc,unknown~6KPF~2215~24784_dyn_2215.psf,unknown_6KPF_rep2_2215.npy,unknown_6KPF_sim2215_rep2.npy,unknown_6KPF_sim2215_rep2.npy,399,unknown_6KPF_rep2_2215
unknown~6KPF,2,2219,0.0,Cannabinoid,single_state,unknown~6KPF~unknown~24819_trj_2219.xtc,unknown~6KPF~2219~24820_dyn_2219.psf,unknown_6KPF_rep2_2219.npy,unknown_6KPF_sim2219_rep2.npy,unknown_6KPF_sim2219_rep2.npy,399,unknown_6KPF_rep2_2219
unknown~6KPF,2,2229,0.0,Cannabinoid,single_state,unknown~6KPF~unknown~24901_trj_2229.xtc,unknown~6KPF~2229~24902_dyn_2229.psf,unknown_6KPF_rep2_2229.npy,unknown_6KPF_sim2229_rep2.npy,unknown_6KPF_sim2229_rep2.npy,399,unknown_6KPF_rep2_2229
unknown~6KPF,1,2234,0.0,Cannabinoid,single_state,unknown~6KPF~unknown~24946_trj_2234.xtc,unknown~6KPF~unknown~24947_dyn_2234.psf,unknown_6KPF_rep1_2234.npy,unknown_6KPF_sim2234_rep1.npy,unknown_6KPF_sim2234_rep1.npy,399,unknown_6KPF_rep1_2234
unknown~6KPF,2,2236,0.0,Cannabinoid,single_state,unknown~6KPF~unknown~24964_trj_2236.xtc,unknown~6KPF~2236~24965_dyn_2236.psf,unknown_6KPF_rep2_2236.npy,unknown_6KPF_sim2236_rep2.npy,unknown_6KPF_sim2236_rep2.npy,399,unknown_6KPF_rep2_2236
unknown~6KPF,1,2240,0.0,Cannabinoid,single_state,unknown~6KPF~unknown~25000_trj_2240.xtc,unknown~6KPF~unknown~25001_dyn_2240.psf,unknown_6KPF_rep1_2240.npy,unknown_6KPF_sim2240_rep1.npy,unknown_6KPF_sim2240_rep1.npy,399,unknown_6KPF_rep1_2240
unknown~6KPF,2,2242,0.0,Cannabinoid,single_state,unknown~6KPF~unknown~25018_trj_2242.xtc,unknown~6KPF~2242~25019_dyn_2242.psf,unknown_6KPF_rep2_2242.npy,unknown_6KPF_sim2242_rep2.npy,unknown_6KPF_sim2242_rep2.npy,399,unknown_6KPF_rep2_2242
unknown~6KPF,2,2246,0.0,Cannabinoid,single_state,unknown~6KPF~unknown~25054_trj_2246.xtc,unknown~6KPF~2246~25055_dyn_2246.psf,unknown_6KPF_rep2_2246.npy,unknown_6KPF_sim2246_rep2.npy,unknown_6KPF_sim2246_rep2.npy,399,unknown_6KPF_rep2_2246
C-X-C_chemokine_receptor_type_4~3OE0_A,1,104,1.0,Chemokine,multi_state,C-X-C_chemokine_receptor_type_4~3OE0_A~unknown~10989_trj_104.xtc,C-X-C_chemokine_receptor_type_4~3OE0_A~unknown~10994_dyn_104.psf,C-X-C_chemokine_receptor_type_4_3OE0_A_rep1_104.npy,C-X-C_chemokine_receptor_type_4_3OE0_A_sim104_rep1.npy,C-X-C_chemokine_receptor_type_4_3OE0_A_sim104_rep1.npy,2500,C-X-C_chemokine_receptor_type_4_3OE0_A_rep1_104
C-X-C_chemokine_receptor_type_4~4RWS,1,86,1.0,Chemokine,multi_state,C-X-C_chemokine_receptor_type_4~4RWS~unknown~10837_trj_86.xtc,C-X-C_chemokine_receptor_type_4~4RWS~86~10833_dyn_86.psf,C-X-C_chemokine_receptor_type_4_4RWS_rep1_86.npy,C-X-C_chemokine_receptor_type_4_4RWS_sim86_rep1.npy,C-X-C_chemokine_receptor_type_4_4RWS_sim86_rep1.npy,2500,C-X-C_chemokine_receptor_type_4_4RWS_rep1_86
C-X-C_chemokine_receptor_type_4~4RWS,1,89,1.0,Chemokine,multi_state,C-X-C_chemokine_receptor_type_4~4RWS~unknown~10859_trj_89.xtc,C-X-C_chemokine_receptor_type_4~4RWS~unknown~10864_dyn_89.psf,C-X-C_chemokine_receptor_type_4_4RWS_rep1_89.npy,C-X-C_chemokine_receptor_type_4_4RWS_sim89_rep1.npy,C-X-C_chemokine_receptor_type_4_4RWS_sim89_rep1.npy,2500,C-X-C_chemokine_receptor_type_4_4RWS_rep1_89
C-X-C_chemokine_receptor_type_4~4RWS_A,1,98,0.0,Chemokine,single_state,C-X-C_chemokine_receptor_type_4~4RWS_A~unknown~10938_trj_98.xtc,C-X-C_chemokine_receptor_type_4~4RWS_A~unknown~10941_dyn_98.psf,C-X-C_chemokine_receptor_type_4_4RWS_A_rep1_98.npy,C-X-C_chemokine_receptor_type_4_4RWS_A_sim98_rep1.npy,C-X-C_chemokine_receptor_type_4_4RWS_A_sim98_rep1.npy,2500,C-X-C_chemokine_receptor_type_4_4RWS_A_rep1_98
C5a_anaphylatoxin_chemotactic_receptor_1~6C1R,2,1085,1.0,Chemokine,multi_state,C5a_anaphylatoxin_chemotactic_receptor_1~6C1R~unknown~18352_trj_1085.xtc,C5a_anaphylatoxin_chemotactic_receptor_1~6C1R~1085~18349_dyn_1085.psf,C5a_anaphylatoxin_chemotactic_receptor_1_6C1R_rep2_1085.npy,C5a_anaphylatoxin_chemotactic_receptor_1_6C1R_sim1085_rep2.npy,C5a_anaphylatoxin_chemotactic_receptor_1_6C1R_sim1085_rep2.npy,2500,C5a_anaphylatoxin_chemotactic_receptor_1_6C1R_rep2_1085
D(3)_dopamine_receptor~3PBL_A,2,105,0.0,Dopamine,single_state,D(3)_dopamine_receptor~3PBL_A~unknown~10999_trj_105.xtc,D(3)_dopamine_receptor~3PBL_A~105~11002_dyn_105.psf,D(3)_dopamine_receptor_3PBL_A_rep2_105.npy,D(3)_dopamine_receptor_3PBL_A_sim105_rep2.npy,D(3)_dopamine_receptor_3PBL_A_sim105_rep2.npy,2500,D(3)_dopamine_receptor_3PBL_A_rep2_105
D(3)_dopamine_receptor~3PBL_A,1,106,0.0,Dopamine,single_state,D(3)_dopamine_receptor~3PBL_A~unknown~11007_trj_106.xtc,D(3)_dopamine_receptor~3PBL_A~106~11011_dyn_106.psf,D(3)_dopamine_receptor_3PBL_A_rep1_106.npy,D(3)_dopamine_receptor_3PBL_A_sim106_rep1.npy,D(3)_dopamine_receptor_3PBL_A_sim106_rep1.npy,2500,D(3)_dopamine_receptor_3PBL_A_rep1_106
D(4)_dopamine_receptor~5WIU,1,1006,0.0,Dopamine,single_state,D(4)_dopamine_receptor~5WIU~unknown~17167_trj_1006.xtc,D(4)_dopamine_receptor~5WIU~1006~17164_dyn_1006.psf,D(4)_dopamine_receptor_5WIU_rep1_1006.npy,D(4)_dopamine_receptor_5WIU_sim1006_rep1.npy,D(4)_dopamine_receptor_5WIU_sim1006_rep1.npy,2500,D(4)_dopamine_receptor_5WIU_rep1_1006
Guanine_nucleotide-binding_protein_G(s)_subunit_alpha_isoforms_short~6NBF,1,234,0.0,G_Protein,single_state,Guanine_nucleotide-binding_protein_G(s)_subunit_alpha_isoforms_short~6NBF~unknown~12139_trj_234.xtc,Guanine_nucleotide-binding_protein_G(s)_subunit_alpha_isoforms_short~6NBF~234~12141_dyn_234.psf,Guanine_nucleotide-binding_protein_G(s)_subunit_alpha_isoforms_short_6NBF_rep1_234.npy,Guanine_nucleotide-binding_protein_G(s)_subunit_alpha_isoforms_short_6NBF_sim234_rep1.npy,Guanine_nucleotide-binding_protein_G(s)_subunit_alpha_isoforms_short_6NBF_sim234_rep1.npy,2500,Guanine_nucleotide-binding_protein_G(s)_subunit_alpha_isoforms_short_6NBF_rep1_234
Guanine_nucleotide-binding_protein_G(s)_subunit_alpha_isoforms_short~6NBF,2,237,0.0,G_Protein,single_state,Guanine_nucleotide-binding_protein_G(s)_subunit_alpha_isoforms_short~6NBF~unknown~12154_trj_237.xtc,Guanine_nucleotide-binding_protein_G(s)_subunit_alpha_isoforms_short~6NBF~237~12156_dyn_237.psf,Guanine_nucleotide-binding_protein_G(s)_subunit_alpha_isoforms_short_6NBF_rep2_237.npy,Guanine_nucleotide-binding_protein_G(s)_subunit_alpha_isoforms_short_6NBF_sim237_rep2.npy,Guanine_nucleotide-binding_protein_G(s)_subunit_alpha_isoforms_short_6NBF_sim237_rep2.npy,2500,Guanine_nucleotide-binding_protein_G(s)_subunit_alpha_isoforms_short_6NBF_rep2_237
Guanine_nucleotide-binding_protein_G(s)_subunit_alpha_isoforms_short~6NBF,2,238,0.0,G_Protein,single_state,Guanine_nucleotide-binding_protein_G(s)_subunit_alpha_isoforms_short~6NBF~unknown~12159_trj_238.xtc,Guanine_nucleotide-binding_protein_G(s)_subunit_alpha_isoforms_short~6NBF~238~12161_dyn_238.psf,Guanine_nucleotide-binding_protein_G(s)_subunit_alpha_isoforms_short_6NBF_rep2_238.npy,Guanine_nucleotide-binding_protein_G(s)_subunit_alpha_isoforms_short_6NBF_sim238_rep2.npy,Guanine_nucleotide-binding_protein_G(s)_subunit_alpha_isoforms_short_6NBF_sim238_rep2.npy,2500,Guanine_nucleotide-binding_protein_G(s)_subunit_alpha_isoforms_short_6NBF_rep2_238
Guanine_nucleotide-binding_protein_G(s)_subunit_alpha_isoforms_short~6NBF,2,247,0.0,G_Protein,single_state,Guanine_nucleotide-binding_protein_G(s)_subunit_alpha_isoforms_short~6NBF~unknown~12242_trj_247.xtc,Guanine_nucleotide-binding_protein_G(s)_subunit_alpha_isoforms_short~6NBF~247~12238_dyn_247.psf,Guanine_nucleotide-binding_protein_G(s)_subunit_alpha_isoforms_short_6NBF_rep2_247.npy,Guanine_nucleotide-binding_protein_G(s)_subunit_alpha_isoforms_short_6NBF_sim247_rep2.npy,Guanine_nucleotide-binding_protein_G(s)_subunit_alpha_isoforms_short_6NBF_sim247_rep2.npy,2500,Guanine_nucleotide-binding_protein_G(s)_subunit_alpha_isoforms_short_6NBF_rep2_247
unknown~6NBF,1,1296,0.0,G_Protein,single_state,unknown~6NBF~unknown~19388_trj_1296.dcd,unknown~6NBF~unknown~19380_dyn_1296.psf,unknown_6NBF_rep1_1296.npy,unknown_6NBF_sim1296_rep1.npy,unknown_6NBF_sim1296_rep1.npy,1000,unknown_6NBF_rep1_1296
unknown~6NBF,1,1297,0.0,G_Protein,single_state,unknown~6NBF~unknown~19386_trj_1297.dcd,unknown~6NBF~1297~19383_dyn_1297.psf,unknown_6NBF_rep1_1297.npy,unknown_6NBF_sim1297_rep1.npy,unknown_6NBF_sim1297_rep1.npy,1000,unknown_6NBF_rep1_1297
HRH1~3RZE,1,108,0.0,Histamine,single_state,HRH1~3RZE~inactive~11023_trj_108.xtc,HRH1~3RZE~inactive~11028_dyn_108.psf,HRH1_3RZE_rep1_108.npy,HRH1_3RZE_sim108_rep1.npy,HRH1_3RZE_sim108_rep1.npy,2500,HRH1_3RZE_rep1_108
Histamine_H1_receptor~3RZE_A,1,109,0.0,Histamine,single_state,Histamine_H1_receptor~3RZE_A~unknown~11039_trj_109.xtc,Histamine_H1_receptor~3RZE_A~unknown~11043_dyn_109.psf,Histamine_H1_receptor_3RZE_A_rep1_109.npy,Histamine_H1_receptor_3RZE_A_sim109_rep1.npy,Histamine_H1_receptor_3RZE_A_sim109_rep1.npy,2500,Histamine_H1_receptor_3RZE_A_rep1_109
Histamine_H1_receptor~3RZE_A,1,126,0.0,Histamine,single_state,Histamine_H1_receptor~3RZE_A~unknown~11209_trj_126.xtc,Histamine_H1_receptor~3RZE_A~unknown~11213_dyn_126.psf,Histamine_H1_receptor_3RZE_A_rep1_126.npy,Histamine_H1_receptor_3RZE_A_sim126_rep1.npy,Histamine_H1_receptor_3RZE_A_sim126_rep1.npy,2500,Histamine_H1_receptor_3RZE_A_rep1_126
Cysteinyl_leukotriene_receptor_2~6RZ6,2,825,1.0,Lipid,multi_state,Cysteinyl_leukotriene_receptor_2~6RZ6~unknown~15946_trj_825.xtc,Cysteinyl_leukotriene_receptor_2~6RZ6~825~15943_dyn_825.psf,Cysteinyl_leukotriene_receptor_2_6RZ6_rep2_825.npy,Cysteinyl_leukotriene_receptor_2_6RZ6_sim825_rep2.npy,Cysteinyl_leukotriene_receptor_2_6RZ6_sim825_rep2.npy,2500,Cysteinyl_leukotriene_receptor_2_6RZ6_rep2_825
Lysophosphatidic_acid_receptor_1~4Z35_A,1,184,0.0,Lipid,single_state,Lysophosphatidic_acid_receptor_1~4Z35_A~unknown~11712_trj_184.xtc,Lysophosphatidic_acid_receptor_1~4Z35_A~unknown~11718_dyn_184.psf,Lysophosphatidic_acid_receptor_1_4Z35_A_rep1_184.npy,Lysophosphatidic_acid_receptor_1_4Z35_A_sim184_rep1.npy,Lysophosphatidic_acid_receptor_1_4Z35_A_sim184_rep1.npy,2500,Lysophosphatidic_acid_receptor_1_4Z35_A_rep1_184
Lysophosphatidic_acid_receptor_1~4Z36_A,1,185,1.0,Lipid,multi_state,Lysophosphatidic_acid_receptor_1~4Z36_A~unknown~11719_trj_185.xtc,Lysophosphatidic_acid_receptor_1~4Z36_A~unknown~11724_dyn_185.psf,Lysophosphatidic_acid_receptor_1_4Z36_A_rep1_185.npy,Lysophosphatidic_acid_receptor_1_4Z36_A_sim185_rep1.npy,Lysophosphatidic_acid_receptor_1_4Z36_A_sim185_rep1.npy,2500,Lysophosphatidic_acid_receptor_1_4Z36_A_rep1_185
Melatonin_receptor_type_1A~6PS8,2,1007,1.0,Melatonin,multi_state,Melatonin_receptor_type_1A~6PS8~unknown~17174_trj_1007.xtc,Melatonin_receptor_type_1A~6PS8~1007~17171_dyn_1007.psf,Melatonin_receptor_type_1A_6PS8_rep2_1007.npy,Melatonin_receptor_type_1A_6PS8_sim1007_rep2.npy,Melatonin_receptor_type_1A_6PS8_sim1007_rep2.npy,2500,Melatonin_receptor_type_1A_6PS8_rep2_1007
Metabotropic_glutamate_receptor_1~4OR2_A,1,81,0.0,Metabotropic_Glutamate,single_state,Metabotropic_glutamate_receptor_1~4OR2_A~unknown~10794_trj_81.xtc,Metabotropic_glutamate_receptor_1~4OR2_A~81~10796_dyn_81.psf,Metabotropic_glutamate_receptor_1_4OR2_A_rep1_81.npy,Metabotropic_glutamate_receptor_1_4OR2_A_sim81_rep1.npy,Metabotropic_glutamate_receptor_1_4OR2_A_sim81_rep1.npy,2500,Metabotropic_glutamate_receptor_1_4OR2_A_rep1_81
Metabotropic_glutamate_receptor_5~4OO9_A,1,74,0.0,Metabotropic_Glutamate,single_state,Metabotropic_glutamate_receptor_5~4OO9_A~unknown~10723_trj_74.xtc,Metabotropic_glutamate_receptor_5~4OO9_A~74~10728_dyn_74.psf,Metabotropic_glutamate_receptor_5_4OO9_A_rep1_74.npy,Metabotropic_glutamate_receptor_5_4OO9_A_sim74_rep1.npy,Metabotropic_glutamate_receptor_5_4OO9_A_sim74_rep1.npy,2250,Metabotropic_glutamate_receptor_5_4OO9_A_rep1_74
Metabotropic_glutamate_receptor_5~5CGD_A,1,153,0.0,Metabotropic_Glutamate,single_state,Metabotropic_glutamate_receptor_5~5CGD_A~unknown~11443_trj_153.xtc,Metabotropic_glutamate_receptor_5~5CGD_A~unknown~11447_dyn_153.psf,Metabotropic_glutamate_receptor_5_5CGD_A_rep1_153.npy,Metabotropic_glutamate_receptor_5_5CGD_A_sim153_rep1.npy,Metabotropic_glutamate_receptor_5_5CGD_A_sim153_rep1.npy,2500,Metabotropic_glutamate_receptor_5_5CGD_A_rep1_153
Metabotropic_glutamate_receptor_5~5CGD_A,1,193,0.0,Metabotropic_Glutamate,single_state,Metabotropic_glutamate_receptor_5~5CGD_A~unknown~11777_trj_193.xtc,Metabotropic_glutamate_receptor_5~5CGD_A~unknown~11781_dyn_193.psf,Metabotropic_glutamate_receptor_5_5CGD_A_rep1_193.npy,Metabotropic_glutamate_receptor_5_5CGD_A_sim193_rep1.npy,Metabotropic_glutamate_receptor_5_5CGD_A_sim193_rep1.npy,2500,Metabotropic_glutamate_receptor_5_5CGD_A_rep1_193
CHRM2~3UON,1,111,0.0,Muscarinic,single_state,CHRM2~3UON~inactive~11054_trj_111.xtc,CHRM2~3UON~inactive~11058_dyn_111.psf,CHRM2_3UON_rep1_111.npy,CHRM2_3UON_sim111_rep1.npy,CHRM2_3UON_sim111_rep1.npy,2500,CHRM2_3UON_rep1_111
Muscarinic_acetylcholine_receptor_M2~3UON_A,1,112,0.0,Muscarinic,single_state,Muscarinic_acetylcholine_receptor_M2~3UON_A~unknown~11065_trj_112.xtc,Muscarinic_acetylcholine_receptor_M2~3UON_A~unknown~11069_dyn_112.psf,Muscarinic_acetylcholine_receptor_M2_3UON_A_rep1_112.npy,Muscarinic_acetylcholine_receptor_M2_3UON_A_sim112_rep1.npy,Muscarinic_acetylcholine_receptor_M2_3UON_A_sim112_rep1.npy,2500,Muscarinic_acetylcholine_receptor_M2_3UON_A_rep1_112
Muscarinic_acetylcholine_receptor_M2~4MQT_A,2,72,0.0,Muscarinic,single_state,Muscarinic_acetylcholine_receptor_M2~4MQT_A~unknown~10705_trj_72.xtc,Muscarinic_acetylcholine_receptor_M2~4MQT_A~72~10710_dyn_72.psf,Muscarinic_acetylcholine_receptor_M2_4MQT_A_rep2_72.npy,Muscarinic_acetylcholine_receptor_M2_4MQT_A_sim72_rep2.npy,Muscarinic_acetylcholine_receptor_M2_4MQT_A_sim72_rep2.npy,2500,Muscarinic_acetylcholine_receptor_M2_4MQT_A_rep2_72
Muscarinic_acetylcholine_receptor_M3~4U16_B,1,175,0.0,Muscarinic,single_state,Muscarinic_acetylcholine_receptor_M3~4U16_B~unknown~11650_trj_175.xtc,Muscarinic_acetylcholine_receptor_M3~4U16_B~unknown~11654_dyn_175.psf,Muscarinic_acetylcholine_receptor_M3_4U16_B_rep1_175.npy,Muscarinic_acetylcholine_receptor_M3_4U16_B_sim175_rep1.npy,Muscarinic_acetylcholine_receptor_M3_4U16_B_sim175_rep1.npy,2500,Muscarinic_acetylcholine_receptor_M3_4U16_B_rep1_175
Muscarinic_acetylcholine_receptor_M3~4U16_B,1,176,0.0,Muscarinic,single_state,Muscarinic_acetylcholine_receptor_M3~4U16_B~unknown~11657_trj_176.xtc,Muscarinic_acetylcholine_receptor_M3~4U16_B~unknown~11660_dyn_176.psf,Muscarinic_acetylcholine_receptor_M3_4U16_B_rep1_176.npy,Muscarinic_acetylcholine_receptor_M3_4U16_B_sim176_rep1.npy,Muscarinic_acetylcholine_receptor_M3_4U16_B_sim176_rep1.npy,2500,Muscarinic_acetylcholine_receptor_M3_4U16_B_rep1_176
Neuropeptide_Y_receptor_type_1~5ZBH,1,905,0.0,Neuropeptide_Y,single_state,Neuropeptide_Y_receptor_type_1~5ZBH~unknown~16488_trj_905.xtc,Neuropeptide_Y_receptor_type_1~5ZBH~905~16485_dyn_905.psf,Neuropeptide_Y_receptor_type_1_5ZBH_rep1_905.npy,Neuropeptide_Y_receptor_type_1_5ZBH_sim905_rep1.npy,Neuropeptide_Y_receptor_type_1_5ZBH_sim905_rep1.npy,2500,Neuropeptide_Y_receptor_type_1_5ZBH_rep1_905
Delta-type_opioid_receptor~4RWD_A,1,84,0.0,Opioid,single_state,Delta-type_opioid_receptor~4RWD_A~unknown~10814_trj_84.xtc,Delta-type_opioid_receptor~4RWD_A~unknown~10819_dyn_84.psf,Delta-type_opioid_receptor_4RWD_A_rep1_84.npy,Delta-type_opioid_receptor_4RWD_A_sim84_rep1.npy,Delta-type_opioid_receptor_4RWD_A_sim84_rep1.npy,2500,Delta-type_opioid_receptor_4RWD_A_rep1_84
Mu-type_opioid_receptor~4DKL_A,1,61,0.0,Opioid,single_state,Mu-type_opioid_receptor~4DKL_A~unknown~10612_trj_61.xtc,Mu-type_opioid_receptor~4DKL_A~unknown~10615_dyn_61.psf,Mu-type_opioid_receptor_4DKL_A_rep1_61.npy,Mu-type_opioid_receptor_4DKL_A_sim61_rep1.npy,Mu-type_opioid_receptor_4DKL_A_sim61_rep1.npy,2500,Mu-type_opioid_receptor_4DKL_A_rep1_61
Mu-type_opioid_receptor~5C1M,1,199,0.0,Opioid,single_state,Mu-type_opioid_receptor~5C1M~unknown~11888_trj_199.xtc,Mu-type_opioid_receptor~5C1M~unknown~11882_dyn_199.psf,Mu-type_opioid_receptor_5C1M_rep1_199.npy,Mu-type_opioid_receptor_5C1M_sim199_rep1.npy,Mu-type_opioid_receptor_5C1M_sim199_rep1.npy,12000,Mu-type_opioid_receptor_5C1M_rep1_199
Mu-type_opioid_receptor~5C1M,2,201,0.0,Opioid,single_state,Mu-type_opioid_receptor~5C1M~unknown~11897_trj_201.xtc,Mu-type_opioid_receptor~5C1M~201~11900_dyn_201.psf,Mu-type_opioid_receptor_5C1M_rep2_201.npy,Mu-type_opioid_receptor_5C1M_sim201_rep2.npy,Mu-type_opioid_receptor_5C1M_sim201_rep2.npy,11800,Mu-type_opioid_receptor_5C1M_rep2_201
Nociceptin_receptor~4EA3_A,1,62,0.0,Opioid,single_state,Nociceptin_receptor~4EA3_A~unknown~10620_trj_62.xtc,Nociceptin_receptor~4EA3_A~unknown~10623_dyn_62.psf,Nociceptin_receptor_4EA3_A_rep1_62.npy,Nociceptin_receptor_4EA3_A_sim62_rep1.npy,Nociceptin_receptor_4EA3_A_sim62_rep1.npy,2500,Nociceptin_receptor_4EA3_A_rep1_62
Nociceptin_receptor~4EA3_A,1,70,0.0,Opioid,single_state,Nociceptin_receptor~4EA3_A~unknown~10691_trj_70.xtc,Nociceptin_receptor~4EA3_A~unknown~10694_dyn_70.psf,Nociceptin_receptor_4EA3_A_rep1_70.npy,Nociceptin_receptor_4EA3_A_sim70_rep1.npy,Nociceptin_receptor_4EA3_A_sim70_rep1.npy,2500,Nociceptin_receptor_4EA3_A_rep1_70
Nociceptin_receptor~5DHH_A,1,155,1.0,Opioid,multi_state,Nociceptin_receptor~5DHH_A~unknown~11461_trj_155.xtc,Nociceptin_receptor~5DHH_A~unknown~11465_dyn_155.psf,Nociceptin_receptor_5DHH_A_rep1_155.npy,Nociceptin_receptor_5DHH_A_sim155_rep1.npy,Nociceptin_receptor_5DHH_A_sim155_rep1.npy,2500,Nociceptin_receptor_5DHH_A_rep1_155
Orexin_receptor_type_1~4ZJ8_A,1,186,1.0,Orexin,multi_state,Orexin_receptor_type_1~4ZJ8_A~unknown~11726_trj_186.xtc,Orexin_receptor_type_1~4ZJ8_A~unknown~11732_dyn_186.psf,Orexin_receptor_type_1_4ZJ8_A_rep1_186.npy,Orexin_receptor_type_1_4ZJ8_A_sim186_rep1.npy,Orexin_receptor_type_1_4ZJ8_A_sim186_rep1.npy,2500,Orexin_receptor_type_1_4ZJ8_A_rep1_186
Orexin_receptor_type_1~4ZJ8_A,1,187,1.0,Orexin,multi_state,Orexin_receptor_type_1~4ZJ8_A~unknown~11733_trj_187.xtc,Orexin_receptor_type_1~4ZJ8_A~unknown~11738_dyn_187.psf,Orexin_receptor_type_1_4ZJ8_A_rep1_187.npy,Orexin_receptor_type_1_4ZJ8_A_sim187_rep1.npy,Orexin_receptor_type_1_4ZJ8_A_sim187_rep1.npy,2500,Orexin_receptor_type_1_4ZJ8_A_rep1_187
Orexin_receptor_type_1~4ZJC_A,1,188,0.0,Orexin,single_state,Orexin_receptor_type_1~4ZJC_A~unknown~11740_trj_188.xtc,Orexin_receptor_type_1~4ZJC_A~unknown~11744_dyn_188.psf,Orexin_receptor_type_1_4ZJC_A_rep1_188.npy,Orexin_receptor_type_1_4ZJC_A_sim188_rep1.npy,Orexin_receptor_type_1_4ZJC_A_sim188_rep1.npy,2500,Orexin_receptor_type_1_4ZJC_A_rep1_188
Orexin_receptor_type_1~6TOS,1,822,1.0,Orexin,multi_state,Orexin_receptor_type_1~6TOS~unknown~15925_trj_822.xtc,Orexin_receptor_type_1~6TOS~822~15922_dyn_822.psf,Orexin_receptor_type_1_6TOS_rep1_822.npy,Orexin_receptor_type_1_6TOS_sim822_rep1.npy,Orexin_receptor_type_1_6TOS_sim822_rep1.npy,2500,Orexin_receptor_type_1_6TOS_rep1_822
Endothelin_B_receptor~5GLH,1,168,1.0,Peptide,multi_state,Endothelin_B_receptor~5GLH~unknown~11565_trj_168.xtc,Endothelin_B_receptor~5GLH~unknown~11571_dyn_168.psf,Endothelin_B_receptor_5GLH_rep1_168.npy,Endothelin_B_receptor_5GLH_sim168_rep1.npy,Endothelin_B_receptor_5GLH_sim168_rep1.npy,2500,Endothelin_B_receptor_5GLH_rep1_168
Endothelin_receptor_type_B~6IGK,1,1015,0.0,Peptide,single_state,Endothelin_receptor_type_B~6IGK~unknown~17230_trj_1015.xtc,Endothelin_receptor_type_B~6IGK~1015~17227_dyn_1015.psf,Endothelin_receptor_type_B_6IGK_rep1_1015.npy,Endothelin_receptor_type_B_6IGK_sim1015_rep1.npy,Endothelin_receptor_type_B_6IGK_sim1015_rep1.npy,2500,Endothelin_receptor_type_B_6IGK_rep1_1015
Neurotensin_receptor_type_1~4XEE,1,178,0.0,Peptide,single_state,Neurotensin_receptor_type_1~4XEE~unknown~11670_trj_178.xtc,Neurotensin_receptor_type_1~4XEE~unknown~11676_dyn_178.psf,Neurotensin_receptor_type_1_4XEE_rep1_178.npy,Neurotensin_receptor_type_1_4XEE_sim178_rep1.npy,Neurotensin_receptor_type_1_4XEE_sim178_rep1.npy,2500,Neurotensin_receptor_type_1_4XEE_rep1_178
Neurotensin_receptor_type_1~5T04,1,722,0.0,Peptide,single_state,Neurotensin_receptor_type_1~5T04~unknown~15240_trj_722.xtc,Neurotensin_receptor_type_1~5T04~722~15237_dyn_722.psf,Neurotensin_receptor_type_1_5T04_rep1_722.npy,Neurotensin_receptor_type_1_5T04_sim722_rep1.npy,Neurotensin_receptor_type_1_5T04_sim722_rep1.npy,2500,Neurotensin_receptor_type_1_5T04_rep1_722
Type-1_angiotensin_II_receptor~4YAY_A,1,166,0.0,Peptide,single_state,Type-1_angiotensin_II_receptor~4YAY_A~unknown~11548_trj_166.xtc,Type-1_angiotensin_II_receptor~4YAY_A~unknown~11553_dyn_166.psf,Type-1_angiotensin_II_receptor_4YAY_A_rep1_166.npy,Type-1_angiotensin_II_receptor_4YAY_A_sim166_rep1.npy,Type-1_angiotensin_II_receptor_4YAY_A_sim166_rep1.npy,2250,Type-1_angiotensin_II_receptor_4YAY_A_rep1_166
Type-2_angiotensin_II_receptor~5UNG,1,890,0.0,Peptide,single_state,Type-2_angiotensin_II_receptor~5UNG~unknown~16381_trj_890.xtc,Type-2_angiotensin_II_receptor~5UNG~890~16378_dyn_890.psf,Type-2_angiotensin_II_receptor_5UNG_rep1_890.npy,Type-2_angiotensin_II_receptor_5UNG_sim890_rep1.npy,Type-2_angiotensin_II_receptor_5UNG_sim890_rep1.npy,2500,Type-2_angiotensin_II_receptor_5UNG_rep1_890
Prostaglandin_E2_receptor_EP3_subtype~6M9T,1,748,0.0,Prostaglandin,single_state,Prostaglandin_E2_receptor_EP3_subtype~6M9T~unknown~15422_trj_748.xtc,Prostaglandin_E2_receptor_EP3_subtype~6M9T~748~15419_dyn_748.psf,Prostaglandin_E2_receptor_EP3_subtype_6M9T_rep1_748.npy,Prostaglandin_E2_receptor_EP3_subtype_6M9T_sim748_rep1.npy,Prostaglandin_E2_receptor_EP3_subtype_6M9T_sim748_rep1.npy,2500,Prostaglandin_E2_receptor_EP3_subtype_6M9T_rep1_748
P2Y_purinoceptor_12~4NTJ,2,716,0.0,Purinergic,single_state,P2Y_purinoceptor_12~4NTJ~unknown~15198_trj_716.xtc,P2Y_purinoceptor_12~4NTJ~716~15195_dyn_716.psf,P2Y_purinoceptor_12_4NTJ_rep2_716.npy,P2Y_purinoceptor_12_4NTJ_sim716_rep2.npy,P2Y_purinoceptor_12_4NTJ_sim716_rep2.npy,2500,P2Y_purinoceptor_12_4NTJ_rep2_716
P2Y_purinoceptor_12~4PY0_A,1,79,0.0,Purinergic,single_state,P2Y_purinoceptor_12~4PY0_A~unknown~10769_trj_79.xtc,P2Y_purinoceptor_12~4PY0_A~unknown~10774_dyn_79.psf,P2Y_purinoceptor_12_4PY0_A_rep1_79.npy,P2Y_purinoceptor_12_4PY0_A_sim79_rep1.npy,P2Y_purinoceptor_12_4PY0_A_sim79_rep1.npy,2500,P2Y_purinoceptor_12_4PY0_A_rep1_79
Glucagon-like_peptide_1_receptor~5VEW,1,699,1.0,Secretin,multi_state,Glucagon-like_peptide_1_receptor~5VEW~unknown~15081_trj_699.xtc,Glucagon-like_peptide_1_receptor~5VEW~699~15082_dyn_699.psf,Glucagon-like_peptide_1_receptor_5VEW_rep1_699.npy,Glucagon-like_peptide_1_receptor_5VEW_sim699_rep1.npy,Glucagon-like_peptide_1_receptor_5VEW_sim699_rep1.npy,2500,Glucagon-like_peptide_1_receptor_5VEW_rep1_699
Glucagon_receptor~4L6R_A,1,110,0.0,Secretin,single_state,Glucagon_receptor~4L6R_A~unknown~11048_trj_110.xtc,Glucagon_receptor~4L6R_A~110~11051_dyn_110.psf,Glucagon_receptor_4L6R_A_rep1_110.npy,Glucagon_receptor_4L6R_A_sim110_rep1.npy,Glucagon_receptor_4L6R_A_sim110_rep1.npy,2500,Glucagon_receptor_4L6R_A_rep1_110
Glucagon_receptor~5EE7,1,815,0.0,Secretin,single_state,Glucagon_receptor~5EE7~unknown~15876_trj_815.xtc,Glucagon_receptor~5EE7~815~15873_dyn_815.psf,Glucagon_receptor_5EE7_rep1_815.npy,Glucagon_receptor_5EE7_sim815_rep1.npy,Glucagon_receptor_5EE7_sim815_rep1.npy,2500,Glucagon_receptor_5EE7_rep1_815
5-hydroxytryptamine_receptor_1B~4IAQ_A,1,85,1.0,Serotonin,multi_state,5-hydroxytryptamine_receptor_1B~4IAQ_A~unknown~10824_trj_85.xtc,5-hydroxytryptamine_receptor_1B~4IAQ_A~85~10827_dyn_85.psf,5-hydroxytryptamine_receptor_1B_4IAQ_A_rep1_85.npy,5-hydroxytryptamine_receptor_1B_4IAQ_A_sim85_rep1.npy,5-hydroxytryptamine_receptor_1B_4IAQ_A_sim85_rep1.npy,2500,5-hydroxytryptamine_receptor_1B_4IAQ_A_rep1_85
5-hydroxytryptamine_receptor_1B~4IAR_A,1,87,0.0,Serotonin,single_state,5-hydroxytryptamine_receptor_1B~4IAR_A~unknown~10842_trj_87.xtc,5-hydroxytryptamine_receptor_1B~4IAR_A~87~10843_dyn_87.psf,5-hydroxytryptamine_receptor_1B_4IAR_A_rep1_87.npy,5-hydroxytryptamine_receptor_1B_4IAR_A_sim87_rep1.npy,5-hydroxytryptamine_receptor_1B_4IAR_A_sim87_rep1.npy,2500,5-hydroxytryptamine_receptor_1B_4IAR_A_rep1_87
5-hydroxytryptamine_receptor_1B~4IAR_A,1,90,0.0,Serotonin,single_state,5-hydroxytryptamine_receptor_1B~4IAR_A~unknown~10869_trj_90.xtc,5-hydroxytryptamine_receptor_1B~4IAR_A~90~10872_dyn_90.psf,5-hydroxytryptamine_receptor_1B_4IAR_A_rep1_90.npy,5-hydroxytryptamine_receptor_1B_4IAR_A_sim90_rep1.npy,5-hydroxytryptamine_receptor_1B_4IAR_A_sim90_rep1.npy,2500,5-hydroxytryptamine_receptor_1B_4IAR_A_rep1_90
Smoothened_homolog~4QIN,1,203,0.0,Smoothened,single_state,Smoothened_homolog~4QIN~unknown~11913_trj_203.xtc,Smoothened_homolog~4QIN~unknown~11912_dyn_203.psf,Smoothened_homolog_4QIN_rep1_203.npy,Smoothened_homolog_4QIN_sim203_rep1.npy,Smoothened_homolog_4QIN_sim203_rep1.npy,1001,Smoothened_homolog_4QIN_rep1_203
Smoothened_homolog~5L7D_Z,1,161,0.0,Smoothened,single_state,Smoothened_homolog~5L7D_Z~unknown~11763_trj_161.xtc,Smoothened_homolog~5L7D_Z~unknown~11767_dyn_161.psf,Smoothened_homolog_5L7D_Z_rep1_161.npy,Smoothened_homolog_5L7D_Z_sim161_rep1.npy,Smoothened_homolog_5L7D_Z_sim161_rep1.npy,1750,Smoothened_homolog_5L7D_Z_rep1_161
Smoothened_homolog~5L7I_Z,1,191,0.0,Smoothened,single_state,Smoothened_homolog~5L7I_Z~unknown~11807_trj_191.xtc,Smoothened_homolog~5L7I_Z~unknown~11811_dyn_191.psf,Smoothened_homolog_5L7I_Z_rep1_191.npy,Smoothened_homolog_5L7I_Z_sim191_rep1.npy,Smoothened_homolog_5L7I_Z_sim191_rep1.npy,2500,Smoothened_homolog_5L7I_Z_rep1_191
Smoothened_homolog~5L7I_Z,1,192,0.0,Smoothened,single_state,Smoothened_homolog~5L7I_Z~unknown~11798_trj_192.xtc,Smoothened_homolog~5L7I_Z~unknown~11774_dyn_192.psf,Smoothened_homolog_5L7I_Z_rep1_192.npy,Smoothened_homolog_5L7I_Z_sim192_rep1.npy,Smoothened_homolog_5L7I_Z_sim192_rep1.npy,2500,Smoothened_homolog_5L7I_Z_rep1_192
Rhodopsin~1U19_A,1,12,0.0,Visual,single_state,Rhodopsin~1U19_A~unknown~10193_trj_12.xtc,Rhodopsin~1U19_A~unknown~10196_dyn_12.psf,Rhodopsin_1U19_A_rep1_12.npy,Rhodopsin_1U19_A_sim12_rep1.npy,Rhodopsin_1U19_A_sim12_rep1.npy,2500,Rhodopsin_1U19_A_rep1_12
Rhodopsin~3C9M,2,757,0.0,Visual,single_state,Rhodopsin~3C9M~unknown~15485_trj_757.xtc,Rhodopsin~3C9M~757~15482_dyn_757.psf,Rhodopsin_3C9M_rep2_757.npy,Rhodopsin_3C9M_sim757_rep2.npy,Rhodopsin_3C9M_sim757_rep2.npy,2500,Rhodopsin_3C9M_rep2_757
Rhodopsin~3DQB_A,1,122,0.0,Visual,single_state,Rhodopsin~3DQB_A~unknown~11171_trj_122.xtc,Rhodopsin~3DQB_A~unknown~11176_dyn_122.psf,Rhodopsin_3DQB_A_rep1_122.npy,Rhodopsin_3DQB_A_sim122_rep1.npy,Rhodopsin_3DQB_A_sim122_rep1.npy,2500,Rhodopsin_3DQB_A_rep1_122
Rhodopsin~3PQR_A,1,125,0.0,Visual,single_state,Rhodopsin~3PQR_A~unknown~11201_trj_125.xtc,Rhodopsin~3PQR_A~unknown~11205_dyn_125.psf,Rhodopsin_3PQR_A_rep1_125.npy,Rhodopsin_3PQR_A_sim125_rep1.npy,Rhodopsin_3PQR_A_sim125_rep1.npy,2500,Rhodopsin_3PQR_A_rep1_125
Rhodopsin~4J4Q,1,197,0.0,Visual,single_state,Rhodopsin~4J4Q~unknown~11860_trj_197.xtc,Rhodopsin~4J4Q~unknown~11865_dyn_197.psf,Rhodopsin_4J4Q_rep1_197.npy,Rhodopsin_4J4Q_sim197_rep1.npy,Rhodopsin_4J4Q_sim197_rep1.npy,3025,Rhodopsin_4J4Q_rep1_197
Rhodopsin~5DYS,1,873,0.0,Visual,single_state,Rhodopsin~5DYS~unknown~16272_trj_873.xtc,Rhodopsin~5DYS~873~16269_dyn_873.psf,Rhodopsin_5DYS_rep1_873.npy,Rhodopsin_5DYS_sim873_rep1.npy,Rhodopsin_5DYS_sim873_rep1.npy,2500,Rhodopsin_5DYS_rep1_873
Rhodopsin~6FK7,1,913,0.0,Visual,single_state,Rhodopsin~6FK7~unknown~16541_trj_913.xtc,Rhodopsin~6FK7~913~16538_dyn_913.psf,Rhodopsin_6FK7_rep1_913.npy,Rhodopsin_6FK7_sim913_rep1.npy,Rhodopsin_6FK7_sim913_rep1.npy,2500,Rhodopsin_6FK7_rep1_913
Rhodopsin~6FKC,1,706,1.0,Visual,multi_state,Rhodopsin~6FKC~unknown~15126_trj_706.xtc,Rhodopsin~6FKC~706~15123_dyn_706.psf,Rhodopsin_6FKC_rep1_706.npy,Rhodopsin_6FKC_sim706_rep1.npy,Rhodopsin_6FKC_sim706_rep1.npy,2500,Rhodopsin_6FKC_rep1_706
