receptor,rep,simID,y,family,label,traj_file,top_file,graph_file,scalar_file,tica_file,n_frames_total,traj_id,chunk_file
ADRB2~3NYA_A,2,100,0.0,Adrenergic,single_state,ADRB2~3NYA_A~inactive~10954_trj_100.xtc,ADRB2~3NYA_A~inactive~10958_dyn_100.psf,ADRB2_3NYA_A_rep2_100.npy,ADRB2_3NYA_A_sim100_rep2.npy,ADRB2_3NYA_A_sim100_rep2.npy,2500,ADRB2_3NYA_A_rep2_100,ADRB2_3NYA_A_sim100_rep2.npy
ADRB2~3NYA_A,3,100,1.0,Adrenergic,multi_state,ADRB2~3NYA_A~inactive~10955_trj_100.xtc,ADRB2~3NYA_A~inactive~10958_dyn_100.psf,ADRB2_3NYA_A_rep3_100.npy,ADRB2_3NYA_A_sim100_rep3.npy,ADRB2_3NYA_A_sim100_rep3.npy,2500,ADRB2_3NYA_A_rep3_100,ADRB2_3NYA_A_sim100_rep3.npy
Beta-1_adrenergic_receptor~2Y00_B,1,13,0.0,Adrenergic,single_state,Beta-1_adrenergic_receptor~2Y00_B~unknown~10201_trj_13.xtc,Beta-1_adrenergic_receptor~2Y00_B~unknown~10204_dyn_13.psf,Beta-1_adrenergic_receptor_2Y00_B_rep1_13.npy,Beta-1_adrenergic_receptor_2Y00_B_sim13_rep1.npy,Beta-1_adrenergic_receptor_2Y00_B_sim13_rep1.npy,2500,Beta-1_adrenergic_receptor_2Y00_B_rep1_13,Beta-1_adrenergic_receptor_2Y00_B_sim13_rep1.npy
Beta-1_adrenergic_receptor~2Y00_B,1,14,0.0,Adrenergic,single_state,Beta-1_adrenergic_receptor~2Y00_B~unknown~10209_trj_14.xtc,Beta-1_adrenergic_receptor~2Y00_B~14~10212_dyn_14.psf,Beta-1_adrenergic_receptor_2Y00_B_rep1_14.npy,Beta-1_adrenergic_receptor_2Y00_B_sim14_rep1.npy,Beta-1_adrenergic_receptor_2Y00_B_sim14_rep1.npy,2000,Beta-1_adrenergic_receptor_2Y00_B_rep1_14,Beta-1_adrenergic_receptor_2Y00_B_sim14_rep1.npy
Beta-1_adrenergic_receptor~2Y00_B,1,15,0.0,Adrenergic,single_state,Beta-1_adrenergic_receptor~2Y00_B~unknown~10219_trj_15.xtc,Beta-1_adrenergic_receptor~2Y00_B~unknown~10223_dyn_15.psf,Beta-1_adrenergic_receptor_2Y00_B_rep1_15.npy,Beta-1_adrenergic_receptor_2Y00_B_sim15_rep1.npy,Beta-1_adrenergic_receptor_2Y00_B_sim15_rep1.npy,2500,Beta-1_adrenergic_receptor_2Y00_B_rep1_15,Beta-1_adrenergic_receptor_2Y00_B_sim15_rep1.npy
Beta-1_adrenergic_receptor~2Y00_B,2,16,1.0,Adrenergic,multi_state,Beta-1_adrenergic_receptor~2Y00_B~unknown~10226_trj_16.xtc,Beta-1_adrenergic_receptor~2Y00_B~16~10230_dyn_16.psf,Beta-1_adrenergic_receptor_2Y00_B_rep2_16.npy,Beta-1_adrenergic_receptor_2Y00_B_sim16_rep2.npy,Beta-1_adrenergic_receptor_2Y00_B_sim16_rep2.npy,2500,Beta-1_adrenergic_receptor_2Y00_B_rep2_16,Beta-1_adrenergic_receptor_2Y00_B_sim16_rep2.npy
Beta-1_adrenergic_receptor~2Y02_B,1,17,0.0,Adrenergic,single_state,Beta-1_adrenergic_receptor~2Y02_B~unknown~10233_trj_17.xtc,Beta-1_adrenergic_receptor~2Y02_B~unknown~10238_dyn_17.psf,Beta-1_adrenergic_receptor_2Y02_B_rep1_17.npy,Beta-1_adrenergic_receptor_2Y02_B_sim17_rep1.npy,Beta-1_adrenergic_receptor_2Y02_B_sim17_rep1.npy,1000,Beta-1_adrenergic_receptor_2Y02_B_rep1_17,Beta-1_adrenergic_receptor_2Y02_B_sim17_rep1.npy
Beta-1_adrenergic_receptor~2Y02_B,1,18,0.0,Adrenergic,single_state,Beta-1_adrenergic_receptor~2Y02_B~unknown~10244_trj_18.xtc,Beta-1_adrenergic_receptor~2Y02_B~unknown~10242_dyn_18.psf,Beta-1_adrenergic_receptor_2Y02_B_rep1_18.npy,Beta-1_adrenergic_receptor_2Y02_B_sim18_rep1.npy,Beta-1_adrenergic_receptor_2Y02_B_sim18_rep1.npy,2500,Beta-1_adrenergic_receptor_2Y02_B_rep1_18,Beta-1_adrenergic_receptor_2Y02_B_sim18_rep1.npy
Beta-1_adrenergic_receptor~2Y02_B,1,19,0.0,Adrenergic,single_state,Beta-1_adrenergic_receptor~2Y02_B~unknown~10255_trj_19.xtc,Beta-1_adrenergic_receptor~2Y02_B~19~10254_dyn_19.psf,Beta-1_adrenergic_receptor_2Y02_B_rep1_19.npy,Beta-1_adrenergic_receptor_2Y02_B_sim19_rep1.npy,Beta-1_adrenergic_receptor_2Y02_B_sim19_rep1.npy,2500,Beta-1_adrenergic_receptor_2Y02_B_rep1_19,Beta-1_adrenergic_receptor_2Y02_B_sim19_rep1.npy
Beta-1_adrenergic_receptor~2Y02_B,1,20,0.0,Adrenergic,single_state,Beta-1_adrenergic_receptor~2Y02_B~unknown~10263_trj_20.xtc,Beta-1_adrenergic_receptor~2Y02_B~unknown~10260_dyn_20.psf,Beta-1_adrenergic_receptor_2Y02_B_rep1_20.npy,Beta-1_adrenergic_receptor_2Y02_B_sim20_rep1.npy,Beta-1_adrenergic_receptor_2Y02_B_sim20_rep1.npy,2500,Beta-1_adrenergic_receptor_2Y02_B_rep1_20,Beta-1_adrenergic_receptor_2Y02_B_sim20_rep1.npy
Beta-1_adrenergic_receptor~2Y03_B,1,23,0.0,Adrenergic,single_state,Beta-1_adrenergic_receptor~2Y03_B~unknown~11801_trj_23.xtc,Beta-1_adrenergic_receptor~2Y03_B~unknown~10285_dyn_23.psf,Beta-1_adrenergic_receptor_2Y03_B_rep1_23.npy,Beta-1_adrenergic_receptor_2Y03_B_sim23_rep1.npy,Beta-1_adrenergic_receptor_2Y03_B_sim23_rep1.npy,1750,Beta-1_adrenergic_receptor_2Y03_B_rep1_23,Beta-1_adrenergic_receptor_2Y03_B_sim23_rep1.npy
Beta-1_adrenergic_receptor~2Y03_B,1,24,0.0,Adrenergic,single_state,Beta-1_adrenergic_receptor~2Y03_B~unknown~10293_trj_24.xtc,Beta-1_adrenergic_receptor~2Y03_B~unknown~10290_dyn_24.psf,Beta-1_adrenergic_receptor_2Y03_B_rep1_24.npy,Beta-1_adrenergic_receptor_2Y03_B_sim24_rep1.npy,Beta-1_adrenergic_receptor_2Y03_B_sim24_rep1.npy,2500,Beta-1_adrenergic_receptor_2Y03_B_rep1_24,Beta-1_adrenergic_receptor_2Y03_B_sim24_rep1.npy
Beta-1_adrenergic_receptor~2Y03_B,1,25,0.0,Adrenergic,single_state,Beta-1_adrenergic_receptor~2Y03_B~unknown~10303_trj_25.xtc,Beta-1_adrenergic_receptor~2Y03_B~unknown~10302_dyn_25.psf,Beta-1_adrenergic_receptor_2Y03_B_rep1_25.npy,Beta-1_adrenergic_receptor_2Y03_B_sim25_rep1.npy,Beta-1_adrenergic_receptor_2Y03_B_sim25_rep1.npy,2500,Beta-1_adrenergic_receptor_2Y03_B_rep1_25,Beta-1_adrenergic_receptor_2Y03_B_sim25_rep1.npy
Beta-1_adrenergic_receptor~2Y03_B,1,26,1.0,Adrenergic,multi_state,Beta-1_adrenergic_receptor~2Y03_B~unknown~11804_trj_26.xtc,Beta-1_adrenergic_receptor~2Y03_B~unknown~10310_dyn_26.psf,Beta-1_adrenergic_receptor_2Y03_B_rep1_26.npy,Beta-1_adrenergic_receptor_2Y03_B_sim26_rep1.npy,Beta-1_adrenergic_receptor_2Y03_B_sim26_rep1.npy,2500,Beta-1_adrenergic_receptor_2Y03_B_rep1_26,Beta-1_adrenergic_receptor_2Y03_B_sim26_rep1.npy
Beta-1_adrenergic_receptor~2Y04_B,1,27,1.0,Adrenergic,multi_state,Beta-1_adrenergic_receptor~2Y04_B~unknown~10318_trj_27.xtc,Beta-1_adrenergic_receptor~2Y04_B~unknown~10315_dyn_27.psf,Beta-1_adrenergic_receptor_2Y04_B_rep1_27.npy,Beta-1_adrenergic_receptor_2Y04_B_sim27_rep1.npy,Beta-1_adrenergic_receptor_2Y04_B_sim27_rep1.npy,2500,Beta-1_adrenergic_receptor_2Y04_B_rep1_27,Beta-1_adrenergic_receptor_2Y04_B_sim27_rep1.npy
Beta-1_adrenergic_receptor~2Y04_B,1,28,1.0,Adrenergic,multi_state,Beta-1_adrenergic_receptor~2Y04_B~unknown~10326_trj_28.xtc,Beta-1_adrenergic_receptor~2Y04_B~unknown~10323_dyn_28.psf,Beta-1_adrenergic_receptor_2Y04_B_rep1_28.npy,Beta-1_adrenergic_receptor_2Y04_B_sim28_rep1.npy,Beta-1_adrenergic_receptor_2Y04_B_sim28_rep1.npy,2500,Beta-1_adrenergic_receptor_2Y04_B_rep1_28,Beta-1_adrenergic_receptor_2Y04_B_sim28_rep1.npy
Beta-1_adrenergic_receptor~2Y04_B,1,55,1.0,Adrenergic,multi_state,Beta-1_adrenergic_receptor~2Y04_B~unknown~10556_trj_55.xtc,Beta-1_adrenergic_receptor~2Y04_B~unknown~10559_dyn_55.psf,Beta-1_adrenergic_receptor_2Y04_B_rep1_55.npy,Beta-1_adrenergic_receptor_2Y04_B_sim55_rep1.npy,Beta-1_adrenergic_receptor_2Y04_B_sim55_rep1.npy,2500,Beta-1_adrenergic_receptor_2Y04_B_rep1_55,Beta-1_adrenergic_receptor_2Y04_B_sim55_rep1.npy
Beta-1_adrenergic_receptor~2YCW_A,1,57,0.0,Adrenergic,single_state,Beta-1_adrenergic_receptor~2YCW_A~unknown~10569_trj_57.xtc,Beta-1_adrenergic_receptor~2YCW_A~unknown~10574_dyn_57.psf,Beta-1_adrenergic_receptor_2YCW_A_rep1_57.npy,Beta-1_adrenergic_receptor_2YCW_A_sim57_rep1.npy,Beta-1_adrenergic_receptor_2YCW_A_sim57_rep1.npy,2500,Beta-1_adrenergic_receptor_2YCW_A_rep1_57,Beta-1_adrenergic_receptor_2YCW_A_sim57_rep1.npy
Beta-1_adrenergic_receptor~2YCW_A,2,64,0.0,Adrenergic,single_state,Beta-1_adrenergic_receptor~2YCW_A~unknown~10639_trj_64.xtc,Beta-1_adrenergic_receptor~2YCW_A~64~10644_dyn_64.psf,Beta-1_adrenergic_receptor_2YCW_A_rep2_64.npy,Beta-1_adrenergic_receptor_2YCW_A_sim64_rep2.npy,Beta-1_adrenergic_receptor_2YCW_A_sim64_rep2.npy,2500,Beta-1_adrenergic_receptor_2YCW_A_rep2_64,Beta-1_adrenergic_receptor_2YCW_A_sim64_rep2.npy
Beta-1_adrenergic_receptor~3ZPQ_B,1,131,0.0,Adrenergic,single_state,Beta-1_adrenergic_receptor~3ZPQ_B~unknown~11255_trj_131.xtc,Beta-1_adrenergic_receptor~3ZPQ_B~unknown~11259_dyn_131.psf,Beta-1_adrenergic_receptor_3ZPQ_B_rep1_131.npy,Beta-1_adrenergic_receptor_3ZPQ_B_sim131_rep1.npy,Beta-1_adrenergic_receptor_3ZPQ_B_sim131_rep1.npy,1500,Beta-1_adrenergic_receptor_3ZPQ_B_rep1_131,Beta-1_adrenergic_receptor_3ZPQ_B_sim131_rep1.npy
Beta-1_adrenergic_receptor~3ZPQ_B,1,132,0.0,Adrenergic,single_state,Beta-1_adrenergic_receptor~3ZPQ_B~unknown~11263_trj_132.xtc,Beta-1_adrenergic_receptor~3ZPQ_B~unknown~11268_dyn_132.psf,Beta-1_adrenergic_receptor_3ZPQ_B_rep1_132.npy,Beta-1_adrenergic_receptor_3ZPQ_B_sim132_rep1.npy,Beta-1_adrenergic_receptor_3ZPQ_B_sim132_rep1.npy,1500,Beta-1_adrenergic_receptor_3ZPQ_B_rep1_132,Beta-1_adrenergic_receptor_3ZPQ_B_sim132_rep1.npy
Beta-1_adrenergic_receptor~3ZPQ_B,1,133,0.0,Adrenergic,single_state,Beta-1_adrenergic_receptor~3ZPQ_B~unknown~11275_trj_133.xtc,Beta-1_adrenergic_receptor~3ZPQ_B~unknown~11277_dyn_133.psf,Beta-1_adrenergic_receptor_3ZPQ_B_rep1_133.npy,Beta-1_adrenergic_receptor_3ZPQ_B_sim133_rep1.npy,Beta-1_adrenergic_receptor_3ZPQ_B_sim133_rep1.npy,2500,Beta-1_adrenergic_receptor_3ZPQ_B_rep1_133,Beta-1_adrenergic_receptor_3ZPQ_B_sim133_rep1.npy
Beta-1_adrenergic_receptor~3ZPQ_B,1,134,0.0,Adrenergic,single_state,Beta-1_adrenergic_receptor~3ZPQ_B~unknown~11282_trj_134.xtc,Beta-1_adrenergic_receptor~3ZPQ_B~unknown~11285_dyn_134.psf,Beta-1_adrenergic_receptor_3ZPQ_B_rep1_134.npy,Beta-1_adrenergic_receptor_3ZPQ_B_sim134_rep1.npy,Beta-1_adrenergic_receptor_3ZPQ_B_sim134_rep1.npy,2500,Beta-1_adrenergic_receptor_3ZPQ_B_rep1_134,Beta-1_adrenergic_receptor_3ZPQ_B_sim134_rep1.npy
Beta-1_adrenergic_receptor~3ZPR_B,1,135,0.0,Adrenergic,single_state,Beta-1_adrenergic_receptor~3ZPR_B~unknown~11289_trj_135.xtc,Beta-1_adrenergic_receptor~3ZPR_B~unknown~11294_dyn_135.psf,Beta-1_adrenergic_receptor_3ZPR_B_rep1_135.npy,Beta-1_adrenergic_receptor_3ZPR_B_sim135_rep1.npy,Beta-1_adrenergic_receptor_3ZPR_B_sim135_rep1.npy,2500,Beta-1_adrenergic_receptor_3ZPR_B_rep1_135,Beta-1_adrenergic_receptor_3ZPR_B_sim135_rep1.npy
Beta-1_adrenergic_receptor~3ZPR_B,1,136,1.0,Adrenergic,multi_state,Beta-1_adrenergic_receptor~3ZPR_B~unknown~11297_trj_136.xtc,Beta-1_adrenergic_receptor~3ZPR_B~unknown~11302_dyn_136.psf,Beta-1_adrenergic_receptor_3ZPR_B_rep1_136.npy,Beta-1_adrenergic_receptor_3ZPR_B_sim136_rep1.npy,Beta-1_adrenergic_receptor_3ZPR_B_sim136_rep1.npy,2250,Beta-1_adrenergic_receptor_3ZPR_B_rep1_136,Beta-1_adrenergic_receptor_3ZPR_B_sim136_rep1.npy
Beta-1_adrenergic_receptor~3ZPR_B,1,137,1.0,Adrenergic,multi_state,Beta-1_adrenergic_receptor~3ZPR_B~unknown~11305_trj_137.xtc,Beta-1_adrenergic_receptor~3ZPR_B~unknown~11309_dyn_137.psf,Beta-1_adrenergic_receptor_3ZPR_B_rep1_137.npy,Beta-1_adrenergic_receptor_3ZPR_B_sim137_rep1.npy,Beta-1_adrenergic_receptor_3ZPR_B_sim137_rep1.npy,2250,Beta-1_adrenergic_receptor_3ZPR_B_rep1_137,Beta-1_adrenergic_receptor_3ZPR_B_sim137_rep1.npy
Beta-1_adrenergic_receptor~4AMI_A,1,138,0.0,Adrenergic,single_state,Beta-1_adrenergic_receptor~4AMI_A~unknown~11313_trj_138.xtc,Beta-1_adrenergic_receptor~4AMI_A~unknown~11318_dyn_138.psf,Beta-1_adrenergic_receptor_4AMI_A_rep1_138.npy,Beta-1_adrenergic_receptor_4AMI_A_sim138_rep1.npy,Beta-1_adrenergic_receptor_4AMI_A_sim138_rep1.npy,2500,Beta-1_adrenergic_receptor_4AMI_A_rep1_138,Beta-1_adrenergic_receptor_4AMI_A_sim138_rep1.npy
Beta-1_adrenergic_receptor~4AMI_A,1,140,0.0,Adrenergic,single_state,Beta-1_adrenergic_receptor~4AMI_A~unknown~11333_trj_140.xtc,Beta-1_adrenergic_receptor~4AMI_A~unknown~11335_dyn_140.psf,Beta-1_adrenergic_receptor_4AMI_A_rep1_140.npy,Beta-1_adrenergic_receptor_4AMI_A_sim140_rep1.npy,Beta-1_adrenergic_receptor_4AMI_A_sim140_rep1.npy,2500,Beta-1_adrenergic_receptor_4AMI_A_rep1_140,Beta-1_adrenergic_receptor_4AMI_A_sim140_rep1.npy
Beta-1_adrenergic_receptor~4AMJ_B,1,141,1.0,Adrenergic,multi_state,Beta-1_adrenergic_receptor~4AMJ_B~unknown~11340_trj_141.xtc,Beta-1_adrenergic_receptor~4AMJ_B~unknown~11345_dyn_141.psf,Beta-1_adrenergic_receptor_4AMJ_B_rep1_141.npy,Beta-1_adrenergic_receptor_4AMJ_B_sim141_rep1.npy,Beta-1_adrenergic_receptor_4AMJ_B_sim141_rep1.npy,2500,Beta-1_adrenergic_receptor_4AMJ_B_rep1_141,Beta-1_adrenergic_receptor_4AMJ_B_sim141_rep1.npy
Beta-1_adrenergic_receptor~4AMJ_B,2,142,0.0,Adrenergic,single_state,Beta-1_adrenergic_receptor~4AMJ_B~unknown~11348_trj_142.xtc,Beta-1_adrenergic_receptor~4AMJ_B~142~11353_dyn_142.psf,Beta-1_adrenergic_receptor_4AMJ_B_rep2_142.npy,Beta-1_adrenergic_receptor_4AMJ_B_sim142_rep2.npy,Beta-1_adrenergic_receptor_4AMJ_B_sim142_rep2.npy,2500,Beta-1_adrenergic_receptor_4AMJ_B_rep2_142,Beta-1_adrenergic_receptor_4AMJ_B_sim142_rep2.npy
Beta-1_adrenergic_receptor~4AMJ_B,1,167,0.0,Adrenergic,single_state,Beta-1_adrenergic_receptor~4AMJ_B~unknown~11557_trj_167.xtc,Beta-1_adrenergic_receptor~4AMJ_B~unknown~11560_dyn_167.psf,Beta-1_adrenergic_receptor_4AMJ_B_rep1_167.npy,Beta-1_adrenergic_receptor_4AMJ_B_sim167_rep1.npy,Beta-1_adrenergic_receptor_4AMJ_B_sim167_rep1.npy,2500,Beta-1_adrenergic_receptor_4AMJ_B_rep1_167,Beta-1_adrenergic_receptor_4AMJ_B_sim167_rep1.npy
Beta-1_adrenergic_receptor~4AMJ_B,1,195,1.0,Adrenergic,multi_state,Beta-1_adrenergic_receptor~4AMJ_B~unknown~11792_trj_195.xtc,Beta-1_adrenergic_receptor~4AMJ_B~unknown~11796_dyn_195.psf,Beta-1_adrenergic_receptor_4AMJ_B_rep1_195.npy,Beta-1_adrenergic_receptor_4AMJ_B_sim195_rep1.npy,Beta-1_adrenergic_receptor_4AMJ_B_sim195_rep1.npy,2500,Beta-1_adrenergic_receptor_4AMJ_B_rep1_195,Beta-1_adrenergic_receptor_4AMJ_B_sim195_rep1.npy
Beta-1_adrenergic_receptor~4BVN_A,1,143,0.0,Adrenergic,single_state,Beta-1_adrenergic_receptor~4BVN_A~unknown~11356_trj_143.xtc,Beta-1_adrenergic_receptor~4BVN_A~unknown~11359_dyn_143.psf,Beta-1_adrenergic_receptor_4BVN_A_rep1_143.npy,Beta-1_adrenergic_receptor_4BVN_A_sim143_rep1.npy,Beta-1_adrenergic_receptor_4BVN_A_sim143_rep1.npy,2500,Beta-1_adrenergic_receptor_4BVN_A_rep1_143,Beta-1_adrenergic_receptor_4BVN_A_sim143_rep1.npy
Beta-1_adrenergic_receptor~4BVN_A,1,144,0.0,Adrenergic,single_state,Beta-1_adrenergic_receptor~4BVN_A~unknown~11364_trj_144.xtc,Beta-1_adrenergic_receptor~4BVN_A~unknown~11369_dyn_144.psf,Beta-1_adrenergic_receptor_4BVN_A_rep1_144.npy,Beta-1_adrenergic_receptor_4BVN_A_sim144_rep1.npy,Beta-1_adrenergic_receptor_4BVN_A_sim144_rep1.npy,2500,Beta-1_adrenergic_receptor_4BVN_A_rep1_144,Beta-1_adrenergic_receptor_4BVN_A_sim144_rep1.npy
Beta-1_adrenergic_receptor~4BVN_A,1,58,0.0,Adrenergic,single_state,Beta-1_adrenergic_receptor~4BVN_A~unknown~11837_trj_58.xtc,Beta-1_adrenergic_receptor~4BVN_A~58~10587_dyn_58.psf,Beta-1_adrenergic_receptor_4BVN_A_rep1_58.npy,Beta-1_adrenergic_receptor_4BVN_A_sim58_rep1.npy,Beta-1_adrenergic_receptor_4BVN_A_sim58_rep1.npy,2500,Beta-1_adrenergic_receptor_4BVN_A_rep1_58,Beta-1_adrenergic_receptor_4BVN_A_sim58_rep1.npy
Beta-1_adrenergic_receptor~5A8E_A,1,147,0.0,Adrenergic,single_state,Beta-1_adrenergic_receptor~5A8E_A~unknown~11388_trj_147.xtc,Beta-1_adrenergic_receptor~5A8E_A~unknown~11393_dyn_147.psf,Beta-1_adrenergic_receptor_5A8E_A_rep1_147.npy,Beta-1_adrenergic_receptor_5A8E_A_sim147_rep1.npy,Beta-1_adrenergic_receptor_5A8E_A_sim147_rep1.npy,2000,Beta-1_adrenergic_receptor_5A8E_A_rep1_147,Beta-1_adrenergic_receptor_5A8E_A_sim147_rep1.npy
Beta-1_adrenergic_receptor~5A8E_A,2,148,0.0,Adrenergic,single_state,Beta-1_adrenergic_receptor~5A8E_A~unknown~11396_trj_148.xtc,Beta-1_adrenergic_receptor~5A8E_A~148~11401_dyn_148.psf,Beta-1_adrenergic_receptor_5A8E_A_rep2_148.npy,Beta-1_adrenergic_receptor_5A8E_A_sim148_rep2.npy,Beta-1_adrenergic_receptor_5A8E_A_sim148_rep2.npy,2250,Beta-1_adrenergic_receptor_5A8E_A_rep2_148,Beta-1_adrenergic_receptor_5A8E_A_sim148_rep2.npy
Beta-1_adrenergic_receptor~5A8E_A,1,149,1.0,Adrenergic,multi_state,Beta-1_adrenergic_receptor~5A8E_A~unknown~11408_trj_149.xtc,Beta-1_adrenergic_receptor~5A8E_A~unknown~11410_dyn_149.psf,Beta-1_adrenergic_receptor_5A8E_A_rep1_149.npy,Beta-1_adrenergic_receptor_5A8E_A_sim149_rep1.npy,Beta-1_adrenergic_receptor_5A8E_A_sim149_rep1.npy,2500,Beta-1_adrenergic_receptor_5A8E_A_rep1_149,Beta-1_adrenergic_receptor_5A8E_A_sim149_rep1.npy
Beta-1_adrenergic_receptor~5A8E_A,1,150,0.0,Adrenergic,single_state,Beta-1_adrenergic_receptor~5A8E_A~unknown~11415_trj_150.xtc,Beta-1_adrenergic_receptor~5A8E_A~unknown~11419_dyn_150.psf,Beta-1_adrenergic_receptor_5A8E_A_rep1_150.npy,Beta-1_adrenergic_receptor_5A8E_A_sim150_rep1.npy,Beta-1_adrenergic_receptor_5A8E_A_sim150_rep1.npy,2500,Beta-1_adrenergic_receptor_5A8E_A_rep1_150,Beta-1_adrenergic_receptor_5A8E_A_sim150_rep1.npy
Beta-2_adrenergic_receptor~2RH1_A,1,11,0.0,Adrenergic,single_state,Beta-2_adrenergic_receptor~2RH1_A~unknown~10185_trj_11.xtc,Beta-2_adrenergic_receptor~2RH1_A~11~10188_dyn_11.psf,Beta-2_adrenergic_receptor_2RH1_A_rep1_11.npy,Beta-2_adrenergic_receptor_2RH1_A_sim11_rep1.npy,Beta-2_adrenergic_receptor_2RH1_A_sim11_rep1.npy,2500,Beta-2_adrenergic_receptor_2RH1_A_rep1_11,Beta-2_adrenergic_receptor_2RH1_A_sim11_rep1.npy
Beta-2_adrenergic_receptor~3D4S_A,1,65,0.0,Adrenergic,single_state,Beta-2_adrenergic_receptor~3D4S_A~unknown~10647_trj_65.xtc,Beta-2_adrenergic_receptor~3D4S_A~unknown~10652_dyn_65.psf,Beta-2_adrenergic_receptor_3D4S_A_rep1_65.npy,Beta-2_adrenergic_receptor_3D4S_A_sim65_rep1.npy,Beta-2_adrenergic_receptor_3D4S_A_sim65_rep1.npy,2500,Beta-2_adrenergic_receptor_3D4S_A_rep1_65,Beta-2_adrenergic_receptor_3D4S_A_sim65_rep1.npy
Beta-2_adrenergic_receptor~3D4S_A,1,83,0.0,Adrenergic,single_state,Beta-2_adrenergic_receptor~3D4S_A~unknown~10806_trj_83.xtc,Beta-2_adrenergic_receptor~3D4S_A~unknown~10811_dyn_83.psf,Beta-2_adrenergic_receptor_3D4S_A_rep1_83.npy,Beta-2_adrenergic_receptor_3D4S_A_sim83_rep1.npy,Beta-2_adrenergic_receptor_3D4S_A_sim83_rep1.npy,2500,Beta-2_adrenergic_receptor_3D4S_A_rep1_83,Beta-2_adrenergic_receptor_3D4S_A_sim83_rep1.npy
Beta-2_adrenergic_receptor~3NY8_A,1,123,0.0,Adrenergic,single_state,Beta-2_adrenergic_receptor~3NY8_A~unknown~11181_trj_123.xtc,Beta-2_adrenergic_receptor~3NY8_A~unknown~11185_dyn_123.psf,Beta-2_adrenergic_receptor_3NY8_A_rep1_123.npy,Beta-2_adrenergic_receptor_3NY8_A_sim123_rep1.npy,Beta-2_adrenergic_receptor_3NY8_A_sim123_rep1.npy,2500,Beta-2_adrenergic_receptor_3NY8_A_rep1_123,Beta-2_adrenergic_receptor_3NY8_A_sim123_rep1.npy
Beta-2_adrenergic_receptor~3NY8_A,2,88,1.0,Adrenergic,multi_state,Beta-2_adrenergic_receptor~3NY8_A~unknown~10850_trj_88.xtc,Beta-2_adrenergic_receptor~3NY8_A~88~10854_dyn_88.psf,Beta-2_adrenergic_receptor_3NY8_A_rep2_88.npy,Beta-2_adrenergic_receptor_3NY8_A_sim88_rep2.npy,Beta-2_adrenergic_receptor_3NY8_A_sim88_rep2.npy,2500,Beta-2_adrenergic_receptor_3NY8_A_rep2_88,Beta-2_adrenergic_receptor_3NY8_A_sim88_rep2.npy
Beta-2_adrenergic_receptor~3NY9_A,1,99,1.0,Adrenergic,multi_state,Beta-2_adrenergic_receptor~3NY9_A~unknown~10945_trj_99.xtc,Beta-2_adrenergic_receptor~3NY9_A~unknown~10950_dyn_99.psf,Beta-2_adrenergic_receptor_3NY9_A_rep1_99.npy,Beta-2_adrenergic_receptor_3NY9_A_sim99_rep1.npy,Beta-2_adrenergic_receptor_3NY9_A_sim99_rep1.npy,2500,Beta-2_adrenergic_receptor_3NY9_A_rep1_99,Beta-2_adrenergic_receptor_3NY9_A_sim99_rep1.npy
Beta-2_adrenergic_receptor~3NYA_A,1,100,0.0,Adrenergic,single_state,Beta-2_adrenergic_receptor~3NYA_A~unknown~10953_trj_100.xtc,Beta-2_adrenergic_receptor~3NYA_A~unknown~10958_dyn_100.psf,Beta-2_adrenergic_receptor_3NYA_A_rep1_100.npy,Beta-2_adrenergic_receptor_3NYA_A_sim100_rep1.npy,Beta-2_adrenergic_receptor_3NYA_A_sim100_rep1.npy,2500,Beta-2_adrenergic_receptor_3NYA_A_rep1_100,Beta-2_adrenergic_receptor_3NYA_A_sim100_rep1.npy
Beta-2_adrenergic_receptor~3NYA_A,1,124,1.0,Adrenergic,multi_state,Beta-2_adrenergic_receptor~3NYA_A~unknown~11193_trj_124.xtc,Beta-2_adrenergic_receptor~3NYA_A~unknown~11196_dyn_124.psf,Beta-2_adrenergic_receptor_3NYA_A_rep1_124.npy,Beta-2_adrenergic_receptor_3NYA_A_sim124_rep1.npy,Beta-2_adrenergic_receptor_3NYA_A_sim124_rep1.npy,2500,Beta-2_adrenergic_receptor_3NYA_A_rep1_124,Beta-2_adrenergic_receptor_3NYA_A_sim124_rep1.npy
Beta-2_adrenergic_receptor~3PDS_A,1,107,0.0,Adrenergic,single_state,Beta-2_adrenergic_receptor~3PDS_A~unknown~11015_trj_107.xtc,Beta-2_adrenergic_receptor~3PDS_A~unknown~11019_dyn_107.psf,Beta-2_adrenergic_receptor_3PDS_A_rep1_107.npy,Beta-2_adrenergic_receptor_3PDS_A_sim107_rep1.npy,Beta-2_adrenergic_receptor_3PDS_A_sim107_rep1.npy,2500,Beta-2_adrenergic_receptor_3PDS_A_rep1_107,Beta-2_adrenergic_receptor_3PDS_A_sim107_rep1.npy
Beta-2_adrenergic_receptor~4LDE_A,1,113,0.0,Adrenergic,single_state,Beta-2_adrenergic_receptor~4LDE_A~unknown~11073_trj_113.xtc,Beta-2_adrenergic_receptor~4LDE_A~unknown~11076_dyn_113.psf,Beta-2_adrenergic_receptor_4LDE_A_rep1_113.npy,Beta-2_adrenergic_receptor_4LDE_A_sim113_rep1.npy,Beta-2_adrenergic_receptor_4LDE_A_sim113_rep1.npy,2500,Beta-2_adrenergic_receptor_4LDE_A_rep1_113,Beta-2_adrenergic_receptor_4LDE_A_sim113_rep1.npy
Beta-2_adrenergic_receptor~4LDE_A,1,121,0.0,Adrenergic,single_state,Beta-2_adrenergic_receptor~4LDE_A~unknown~11165_trj_121.xtc,Beta-2_adrenergic_receptor~4LDE_A~unknown~11168_dyn_121.psf,Beta-2_adrenergic_receptor_4LDE_A_rep1_121.npy,Beta-2_adrenergic_receptor_4LDE_A_sim121_rep1.npy,Beta-2_adrenergic_receptor_4LDE_A_sim121_rep1.npy,2500,Beta-2_adrenergic_receptor_4LDE_A_rep1_121,Beta-2_adrenergic_receptor_4LDE_A_sim121_rep1.npy
Beta-2_adrenergic_receptor~4LDL_A,1,114,0.0,Adrenergic,single_state,Beta-2_adrenergic_receptor~4LDL_A~unknown~11085_trj_114.xtc,Beta-2_adrenergic_receptor~4LDL_A~unknown~11088_dyn_114.psf,Beta-2_adrenergic_receptor_4LDL_A_rep1_114.npy,Beta-2_adrenergic_receptor_4LDL_A_sim114_rep1.npy,Beta-2_adrenergic_receptor_4LDL_A_sim114_rep1.npy,2500,Beta-2_adrenergic_receptor_4LDL_A_rep1_114,Beta-2_adrenergic_receptor_4LDL_A_sim114_rep1.npy
Beta-2_adrenergic_receptor~4LDO_A,1,116,1.0,Adrenergic,multi_state,Beta-2_adrenergic_receptor~4LDO_A~unknown~11105_trj_116.xtc,Beta-2_adrenergic_receptor~4LDO_A~unknown~11108_dyn_116.psf,Beta-2_adrenergic_receptor_4LDO_A_rep1_116.npy,Beta-2_adrenergic_receptor_4LDO_A_sim116_rep1.npy,Beta-2_adrenergic_receptor_4LDO_A_sim116_rep1.npy,2500,Beta-2_adrenergic_receptor_4LDO_A_rep1_116,Beta-2_adrenergic_receptor_4LDO_A_sim116_rep1.npy
Beta-2_adrenergic_receptor~4LDO_A,1,117,0.0,Adrenergic,single_state,Beta-2_adrenergic_receptor~4LDO_A~unknown~11156_trj_117.xtc,Beta-2_adrenergic_receptor~4LDO_A~unknown~11160_dyn_117.psf,Beta-2_adrenergic_receptor_4LDO_A_rep1_117.npy,Beta-2_adrenergic_receptor_4LDO_A_sim117_rep1.npy,Beta-2_adrenergic_receptor_4LDO_A_sim117_rep1.npy,2500,Beta-2_adrenergic_receptor_4LDO_A_rep1_117,Beta-2_adrenergic_receptor_4LDO_A_sim117_rep1.npy
Beta-2_adrenergic_receptor~4QKX_A,1,82,1.0,Adrenergic,multi_state,Beta-2_adrenergic_receptor~4QKX_A~unknown~10799_trj_82.xtc,Beta-2_adrenergic_receptor~4QKX_A~unknown~10803_dyn_82.psf,Beta-2_adrenergic_receptor_4QKX_A_rep1_82.npy,Beta-2_adrenergic_receptor_4QKX_A_sim82_rep1.npy,Beta-2_adrenergic_receptor_4QKX_A_sim82_rep1.npy,2500,Beta-2_adrenergic_receptor_4QKX_A_rep1_82,Beta-2_adrenergic_receptor_4QKX_A_sim82_rep1.npy
Beta-2_adrenergic_receptor~5JQH_A,1,159,1.0,Adrenergic,multi_state,Beta-2_adrenergic_receptor~5JQH_A~unknown~11490_trj_159.xtc,Beta-2_adrenergic_receptor~5JQH_A~unknown~11494_dyn_159.psf,Beta-2_adrenergic_receptor_5JQH_A_rep1_159.npy,Beta-2_adrenergic_receptor_5JQH_A_sim159_rep1.npy,Beta-2_adrenergic_receptor_5JQH_A_sim159_rep1.npy,2500,Beta-2_adrenergic_receptor_5JQH_A_rep1_159,Beta-2_adrenergic_receptor_5JQH_A_sim159_rep1.npy
Beta-2_adrenergic_receptor~5JQH_A,1,160,0.0,Adrenergic,single_state,Beta-2_adrenergic_receptor~5JQH_A~unknown~11498_trj_160.xtc,Beta-2_adrenergic_receptor~5JQH_A~unknown~11502_dyn_160.psf,Beta-2_adrenergic_receptor_5JQH_A_rep1_160.npy,Beta-2_adrenergic_receptor_5JQH_A_sim160_rep1.npy,Beta-2_adrenergic_receptor_5JQH_A_sim160_rep1.npy,2500,Beta-2_adrenergic_receptor_5JQH_A_rep1_160,Beta-2_adrenergic_receptor_5JQH_A_sim160_rep1.npy
Beta-2_adrenergic_receptor~6OBA,2,1130,0.0,Adrenergic,single_state,Beta-2_adrenergic_receptor~6OBA~unknown~18627_trj_1130.xtc,Beta-2_adrenergic_receptor~6OBA~1130~18624_dyn_1130.psf,Beta-2_adrenergic_receptor_6OBA_rep2_1130.npy,Beta-2_adrenergic_receptor_6OBA_sim1130_rep2.npy,Beta-2_adrenergic_receptor_6OBA_sim1130_rep2.npy,2500,Beta-2_adrenergic_receptor_6OBA_rep2_1130,Beta-2_adrenergic_receptor_6OBA_sim1130_rep2.npy
Beta-arrestin-1~6U1N,1,2076,0.0,Arrestin,single_state,Beta-arrestin-1~6U1N~unknown~24126_trj_2076.xtc,Beta-arrestin-1~6U1N~unknown~24125_dyn_2076.psf,Beta-arrestin-1_6U1N_rep1_2076.npy,Beta-arrestin-1_6U1N_sim2076_rep1.npy,Beta-arrestin-1_6U1N_sim2076_rep1.npy,1500,Beta-arrestin-1_6U1N_rep1_2076,Beta-arrestin-1_6U1N_sim2076_rep1.npy
Beta-arrestin-1~6U1N,1,2080,0.0,Arrestin,single_state,Beta-arrestin-1~6U1N~unknown~24142_trj_2080.xtc,Beta-arrestin-1~6U1N~2080~24141_dyn_2080.psf,Beta-arrestin-1_6U1N_rep1_2080.npy,Beta-arrestin-1_6U1N_sim2080_rep1.npy,Beta-arrestin-1_6U1N_sim2080_rep1.npy,1500,Beta-arrestin-1_6U1N_rep1_2080,Beta-arrestin-1_6U1N_sim2080_rep1.npy
Beta-arrestin-2~6K3F,2,2052,0.0,Arrestin,single_state,Beta-arrestin-2~6K3F~unknown~24004_trj_2052.dcd,Beta-arrestin-2~6K3F~2052~24003_dyn_2052.psf,Beta-arrestin-2_6K3F_rep2_2052.npy,Beta-arrestin-2_6K3F_sim2052_rep2.npy,Beta-arrestin-2_6K3F_sim2052_rep2.npy,3000,Beta-arrestin-2_6K3F_rep2_2052,Beta-arrestin-2_6K3F_sim2052_rep2.npy
Beta-arrestin-2~6K3F,1,2053,1.0,Arrestin,multi_state,Beta-arrestin-2~6K3F~unknown~24008_trj_2053.dcd,Beta-arrestin-2~6K3F~unknown~24007_dyn_2053.psf,Beta-arrestin-2_6K3F_rep1_2053.npy,Beta-arrestin-2_6K3F_sim2053_rep1.npy,Beta-arrestin-2_6K3F_sim2053_rep1.npy,3000,Beta-arrestin-2_6K3F_rep1_2053,Beta-arrestin-2_6K3F_sim2053_rep1.npy
Beta-arrestin-2~6U1N,1,1219,0.0,Arrestin,single_state,Beta-arrestin-2~6U1N~unknown~19048_trj_1219.xtc,Beta-arrestin-2~6U1N~unknown~19047_dyn_1219.psf,Beta-arrestin-2_6U1N_rep1_1219.npy,Beta-arrestin-2_6U1N_sim1219_rep1.npy,Beta-arrestin-2_6U1N_sim1219_rep1.npy,1000,Beta-arrestin-2_6U1N_rep1_1219,Beta-arrestin-2_6U1N_sim1219_rep1.npy
Beta-arrestin-2~6U1N,2,1224,0.0,Arrestin,single_state,Beta-arrestin-2~6U1N~unknown~19068_trj_1224.xtc,Beta-arrestin-2~6U1N~1224~19067_dyn_1224.psf,Beta-arrestin-2_6U1N_rep2_1224.npy,Beta-arrestin-2_6U1N_sim1224_rep2.npy,Beta-arrestin-2_6U1N_sim1224_rep2.npy,1000,Beta-arrestin-2_6U1N_rep2_1224,Beta-arrestin-2_6U1N_sim1224_rep2.npy
Beta-arrestin-2~6U1N,1,1225,0.0,Arrestin,single_state,Beta-arrestin-2~6U1N~unknown~19072_trj_1225.xtc,Beta-arrestin-2~6U1N~1225~19071_dyn_1225.psf,Beta-arrestin-2_6U1N_rep1_1225.npy,Beta-arrestin-2_6U1N_sim1225_rep1.npy,Beta-arrestin-2_6U1N_sim1225_rep1.npy,1000,Beta-arrestin-2_6U1N_rep1_1225,Beta-arrestin-2_6U1N_sim1225_rep1.npy
unknown~3P2D,1,2072,0.0,Arrestin,single_state,unknown~3P2D~unknown~24104_trj_2072.xtc,unknown~3P2D~unknown~24103_dyn_2072.psf,unknown_3P2D_rep1_2072.npy,unknown_3P2D_sim2072_rep1.npy,unknown_3P2D_sim2072_rep1.npy,2100,unknown_3P2D_rep1_2072,unknown_3P2D_sim2072_rep1.npy
unknown~3P2D,1,2077,0.0,Arrestin,single_state,unknown~3P2D~unknown~24130_trj_2077.xtc,unknown~3P2D~unknown~24129_dyn_2077.psf,unknown_3P2D_rep1_2077.npy,unknown_3P2D_sim2077_rep1.npy,unknown_3P2D_sim2077_rep1.npy,1500,unknown_3P2D_rep1_2077,unknown_3P2D_sim2077_rep1.npy
unknown~3P2D,1,2078,0.0,Arrestin,single_state,unknown~3P2D~unknown~24134_trj_2078.xtc,unknown~3P2D~unknown~24133_dyn_2078.psf,unknown_3P2D_rep1_2078.npy,unknown_3P2D_sim2078_rep1.npy,unknown_3P2D_sim2078_rep1.npy,2100,unknown_3P2D_rep1_2078,unknown_3P2D_sim2078_rep1.npy
unknown~6K3F,1,2054,0.0,Arrestin,single_state,unknown~6K3F~unknown~24012_trj_2054.dcd,unknown~6K3F~unknown~24011_dyn_2054.psf,unknown_6K3F_rep1_2054.npy,unknown_6K3F_sim2054_rep1.npy,unknown_6K3F_sim2054_rep1.npy,3000,unknown_6K3F_rep1_2054,unknown_6K3F_sim2054_rep1.npy
CNR1~6N4B,1,2067,0.0,Cannabinoid,single_state,CNR1~6N4B~active~24048_trj_2067.xtc,CNR1~6N4B~active~24047_dyn_2067.psf,CNR1_6N4B_rep1_2067.npy,CNR1_6N4B_sim2067_rep1.npy,CNR1_6N4B_sim2067_rep1.npy,6000,CNR1_6N4B_rep1_2067,CNR1_6N4B_sim2067_rep1.npy
Cannabinoid_receptor_1~5TGZ_A,1,162,0.0,Cannabinoid,single_state,Cannabinoid_receptor_1~5TGZ_A~unknown~11508_trj_162.xtc,Cannabinoid_receptor_1~5TGZ_A~unknown~11512_dyn_162.psf,Cannabinoid_receptor_1_5TGZ_A_rep1_162.npy,Cannabinoid_receptor_1_5TGZ_A_sim162_rep1.npy,Cannabinoid_receptor_1_5TGZ_A_sim162_rep1.npy,2000,Cannabinoid_receptor_1_5TGZ_A_rep1_162,Cannabinoid_receptor_1_5TGZ_A_sim162_rep1.npy
Cannabinoid_receptor_1~5U09_A,1,163,0.0,Cannabinoid,single_state,Cannabinoid_receptor_1~5U09_A~unknown~11516_trj_163.xtc,Cannabinoid_receptor_1~5U09_A~unknown~11521_dyn_163.psf,Cannabinoid_receptor_1_5U09_A_rep1_163.npy,Cannabinoid_receptor_1_5U09_A_sim163_rep1.npy,Cannabinoid_receptor_1_5U09_A_sim163_rep1.npy,2500,Cannabinoid_receptor_1_5U09_A_rep1_163,Cannabinoid_receptor_1_5U09_A_sim163_rep1.npy
Cannabinoid_receptor_1~5U09_A,1,22,0.0,Cannabinoid,single_state,Cannabinoid_receptor_1~5U09_A~unknown~10280_trj_22.xtc,Cannabinoid_receptor_1~5U09_A~unknown~10277_dyn_22.psf,Cannabinoid_receptor_1_5U09_A_rep1_22.npy,Cannabinoid_receptor_1_5U09_A_sim22_rep1.npy,Cannabinoid_receptor_1_5U09_A_sim22_rep1.npy,2500,Cannabinoid_receptor_1_5U09_A_rep1_22,Cannabinoid_receptor_1_5U09_A_sim22_rep1.npy
unknown~6KPF,2,2215,0.0,Cannabinoid,single_state,unknown~6KPF~unknown~24783_trj_2215.xtc,unknown~6KPF~2215~24784_dyn_2215.psf,unknown_6KPF_rep2_2215.npy,unknown_6KPF_sim2215_rep2.npy,unknown_6KPF_sim2215_rep2.npy,399,unknown_6KPF_rep2_2215,unknown_6KPF_sim2215_rep2.npy
unknown~6KPF,2,2219,0.0,Cannabinoid,single_state,unknown~6KPF~unknown~24819_trj_2219.xtc,unknown~6KPF~2219~24820_dyn_2219.psf,unknown_6KPF_rep2_2219.npy,unknown_6KPF_sim2219_rep2.npy,unknown_6KPF_sim2219_rep2.npy,399,unknown_6KPF_rep2_2219,unknown_6KPF_sim2219_rep2.npy
unknown~6KPF,2,2229,0.0,Cannabinoid,single_state,unknown~6KPF~unknown~24901_trj_2229.xtc,unknown~6KPF~2229~24902_dyn_2229.psf,unknown_6KPF_rep2_2229.npy,unknown_6KPF_sim2229_rep2.npy,unknown_6KPF_sim2229_rep2.npy,399,unknown_6KPF_rep2_2229,unknown_6KPF_sim2229_rep2.npy
unknown~6KPF,1,2234,0.0,Cannabinoid,single_state,unknown~6KPF~unknown~24946_trj_2234.xtc,unknown~6KPF~unknown~24947_dyn_2234.psf,unknown_6KPF_rep1_2234.npy,unknown_6KPF_sim2234_rep1.npy,unknown_6KPF_sim2234_rep1.npy,399,unknown_6KPF_rep1_2234,unknown_6KPF_sim2234_rep1.npy
unknown~6KPF,2,2236,0.0,Cannabinoid,single_state,unknown~6KPF~unknown~24964_trj_2236.xtc,unknown~6KPF~2236~24965_dyn_2236.psf,unknown_6KPF_rep2_2236.npy,unknown_6KPF_sim2236_rep2.npy,unknown_6KPF_sim2236_rep2.npy,399,unknown_6KPF_rep2_2236,unknown_6KPF_sim2236_rep2.npy
unknown~6KPF,1,2240,0.0,Cannabinoid,single_state,unknown~6KPF~unknown~25000_trj_2240.xtc,unknown~6KPF~unknown~25001_dyn_2240.psf,unknown_6KPF_rep1_2240.npy,unknown_6KPF_sim2240_rep1.npy,unknown_6KPF_sim2240_rep1.npy,399,unknown_6KPF_rep1_2240,unknown_6KPF_sim2240_rep1.npy
unknown~6KPF,2,2242,0.0,Cannabinoid,single_state,unknown~6KPF~unknown~25018_trj_2242.xtc,unknown~6KPF~2242~25019_dyn_2242.psf,unknown_6KPF_rep2_2242.npy,unknown_6KPF_sim2242_rep2.npy,unknown_6KPF_sim2242_rep2.npy,399,unknown_6KPF_rep2_2242,unknown_6KPF_sim2242_rep2.npy
unknown~6KPF,2,2246,0.0,Cannabinoid,single_state,unknown~6KPF~unknown~25054_trj_2246.xtc,unknown~6KPF~2246~25055_dyn_2246.psf,unknown_6KPF_rep2_2246.npy,unknown_6KPF_sim2246_rep2.npy,unknown_6KPF_sim2246_rep2.npy,399,unknown_6KPF_rep2_2246,unknown_6KPF_sim2246_rep2.npy
C-C_chemokine_receptor_type_5~4MBS_A,1,118,0.0,Chemokine,single_state,C-C_chemokine_receptor_type_5~4MBS_A~118~11127_trj_118.xtc,C-C_chemokine_receptor_type_5~4MBS_A~118~11148_dyn_118.psf,C-C_chemokine_receptor_type_5_4MBS_A_rep1_118.npy,C-C_chemokine_receptor_type_5_4MBS_A_sim118_rep1.npy,C-C_chemokine_receptor_type_5_4MBS_A_sim118_rep1.npy,2500,C-C_chemokine_receptor_type_5_4MBS_A_rep1_118,C-C_chemokine_receptor_type_5_4MBS_A_sim118_rep1.npy
C-C_chemokine_receptor_type_5~4MBS_A,1,119,1.0,Chemokine,multi_state,C-C_chemokine_receptor_type_5~4MBS_A~unknown~11150_trj_119.xtc,C-C_chemokine_receptor_type_5~4MBS_A~119~11154_dyn_119.psf,C-C_chemokine_receptor_type_5_4MBS_A_rep1_119.npy,C-C_chemokine_receptor_type_5_4MBS_A_sim119_rep1.npy,C-C_chemokine_receptor_type_5_4MBS_A_sim119_rep1.npy,2500,C-C_chemokine_receptor_type_5_4MBS_A_rep1_119,C-C_chemokine_receptor_type_5_4MBS_A_sim119_rep1.npy
C-C_chemokine_receptor_type_5~4MBS_A,1,67,0.0,Chemokine,single_state,C-C_chemokine_receptor_type_5~4MBS_A~unknown~10665_trj_67.xtc,C-C_chemokine_receptor_type_5~4MBS_A~unknown~10669_dyn_67.psf,C-C_chemokine_receptor_type_5_4MBS_A_rep1_67.npy,C-C_chemokine_receptor_type_5_4MBS_A_sim67_rep1.npy,C-C_chemokine_receptor_type_5_4MBS_A_sim67_rep1.npy,2500,C-C_chemokine_receptor_type_5_4MBS_A_rep1_67,C-C_chemokine_receptor_type_5_4MBS_A_sim67_rep1.npy
C-X-C_chemokine_receptor_type_4~3ODU_A,1,101,1.0,Chemokine,multi_state,C-X-C_chemokine_receptor_type_4~3ODU_A~unknown~10961_trj_101.xtc,C-X-C_chemokine_receptor_type_4~3ODU_A~unknown~10966_dyn_101.psf,C-X-C_chemokine_receptor_type_4_3ODU_A_rep1_101.npy,C-X-C_chemokine_receptor_type_4_3ODU_A_sim101_rep1.npy,C-X-C_chemokine_receptor_type_4_3ODU_A_sim101_rep1.npy,2500,C-X-C_chemokine_receptor_type_4_3ODU_A_rep1_101,C-X-C_chemokine_receptor_type_4_3ODU_A_sim101_rep1.npy
C-X-C_chemokine_receptor_type_4~3ODU_A,1,102,0.0,Chemokine,single_state,C-X-C_chemokine_receptor_type_4~3ODU_A~unknown~10973_trj_102.xtc,C-X-C_chemokine_receptor_type_4~3ODU_A~unknown~10977_dyn_102.psf,C-X-C_chemokine_receptor_type_4_3ODU_A_rep1_102.npy,C-X-C_chemokine_receptor_type_4_3ODU_A_sim102_rep1.npy,C-X-C_chemokine_receptor_type_4_3ODU_A_sim102_rep1.npy,2500,C-X-C_chemokine_receptor_type_4_3ODU_A_rep1_102,C-X-C_chemokine_receptor_type_4_3ODU_A_sim102_rep1.npy
C-X-C_chemokine_receptor_type_4~3ODU_A,1,103,0.0,Chemokine,single_state,C-X-C_chemokine_receptor_type_4~3ODU_A~unknown~10981_trj_103.xtc,C-X-C_chemokine_receptor_type_4~3ODU_A~unknown~10987_dyn_103.psf,C-X-C_chemokine_receptor_type_4_3ODU_A_rep1_103.npy,C-X-C_chemokine_receptor_type_4_3ODU_A_sim103_rep1.npy,C-X-C_chemokine_receptor_type_4_3ODU_A_sim103_rep1.npy,2500,C-X-C_chemokine_receptor_type_4_3ODU_A_rep1_103,C-X-C_chemokine_receptor_type_4_3ODU_A_sim103_rep1.npy
C-X-C_chemokine_receptor_type_4~3OE0_A,1,104,1.0,Chemokine,multi_state,C-X-C_chemokine_receptor_type_4~3OE0_A~unknown~10989_trj_104.xtc,C-X-C_chemokine_receptor_type_4~3OE0_A~unknown~10994_dyn_104.psf,C-X-C_chemokine_receptor_type_4_3OE0_A_rep1_104.npy,C-X-C_chemokine_receptor_type_4_3OE0_A_sim104_rep1.npy,C-X-C_chemokine_receptor_type_4_3OE0_A_sim104_rep1.npy,2500,C-X-C_chemokine_receptor_type_4_3OE0_A_rep1_104,C-X-C_chemokine_receptor_type_4_3OE0_A_sim104_rep1.npy
C-X-C_chemokine_receptor_type_4~4RWS,1,86,1.0,Chemokine,multi_state,C-X-C_chemokine_receptor_type_4~4RWS~unknown~10837_trj_86.xtc,C-X-C_chemokine_receptor_type_4~4RWS~86~10833_dyn_86.psf,C-X-C_chemokine_receptor_type_4_4RWS_rep1_86.npy,C-X-C_chemokine_receptor_type_4_4RWS_sim86_rep1.npy,C-X-C_chemokine_receptor_type_4_4RWS_sim86_rep1.npy,2500,C-X-C_chemokine_receptor_type_4_4RWS_rep1_86,C-X-C_chemokine_receptor_type_4_4RWS_sim86_rep1.npy
C-X-C_chemokine_receptor_type_4~4RWS,1,89,1.0,Chemokine,multi_state,C-X-C_chemokine_receptor_type_4~4RWS~unknown~10859_trj_89.xtc,C-X-C_chemokine_receptor_type_4~4RWS~unknown~10864_dyn_89.psf,C-X-C_chemokine_receptor_type_4_4RWS_rep1_89.npy,C-X-C_chemokine_receptor_type_4_4RWS_sim89_rep1.npy,C-X-C_chemokine_receptor_type_4_4RWS_sim89_rep1.npy,2500,C-X-C_chemokine_receptor_type_4_4RWS_rep1_89,C-X-C_chemokine_receptor_type_4_4RWS_sim89_rep1.npy
C-X-C_chemokine_receptor_type_4~4RWS_A,1,98,0.0,Chemokine,single_state,C-X-C_chemokine_receptor_type_4~4RWS_A~unknown~10938_trj_98.xtc,C-X-C_chemokine_receptor_type_4~4RWS_A~unknown~10941_dyn_98.psf,C-X-C_chemokine_receptor_type_4_4RWS_A_rep1_98.npy,C-X-C_chemokine_receptor_type_4_4RWS_A_sim98_rep1.npy,C-X-C_chemokine_receptor_type_4_4RWS_A_sim98_rep1.npy,2500,C-X-C_chemokine_receptor_type_4_4RWS_A_rep1_98,C-X-C_chemokine_receptor_type_4_4RWS_A_sim98_rep1.npy
C5a_anaphylatoxin_chemotactic_receptor_1~6C1R,2,1085,1.0,Chemokine,multi_state,C5a_anaphylatoxin_chemotactic_receptor_1~6C1R~unknown~18352_trj_1085.xtc,C5a_anaphylatoxin_chemotactic_receptor_1~6C1R~1085~18349_dyn_1085.psf,C5a_anaphylatoxin_chemotactic_receptor_1_6C1R_rep2_1085.npy,C5a_anaphylatoxin_chemotactic_receptor_1_6C1R_sim1085_rep2.npy,C5a_anaphylatoxin_chemotactic_receptor_1_6C1R_sim1085_rep2.npy,2500,C5a_anaphylatoxin_chemotactic_receptor_1_6C1R_rep2_1085,C5a_anaphylatoxin_chemotactic_receptor_1_6C1R_sim1085_rep2.npy
G-protein_coupled_receptor_homolog_US28~4XT1_A,1,170,1.0,Chemokine,multi_state,G-protein_coupled_receptor_homolog_US28~4XT1_A~unknown~11586_trj_170.xtc,G-protein_coupled_receptor_homolog_US28~4XT1_A~unknown~11590_dyn_170.psf,G-protein_coupled_receptor_homolog_US28_4XT1_A_rep1_170.npy,G-protein_coupled_receptor_homolog_US28_4XT1_A_sim170_rep1.npy,G-protein_coupled_receptor_homolog_US28_4XT1_A_sim170_rep1.npy,2500,G-protein_coupled_receptor_homolog_US28_4XT1_A_rep1_170,G-protein_coupled_receptor_homolog_US28_4XT1_A_sim170_rep1.npy
D(3)_dopamine_receptor~3PBL_A,2,105,0.0,Dopamine,single_state,D(3)_dopamine_receptor~3PBL_A~unknown~10999_trj_105.xtc,D(3)_dopamine_receptor~3PBL_A~105~11002_dyn_105.psf,D(3)_dopamine_receptor_3PBL_A_rep2_105.npy,D(3)_dopamine_receptor_3PBL_A_sim105_rep2.npy,D(3)_dopamine_receptor_3PBL_A_sim105_rep2.npy,2500,D(3)_dopamine_receptor_3PBL_A_rep2_105,D(3)_dopamine_receptor_3PBL_A_sim105_rep2.npy
D(3)_dopamine_receptor~3PBL_A,1,106,0.0,Dopamine,single_state,D(3)_dopamine_receptor~3PBL_A~unknown~11007_trj_106.xtc,D(3)_dopamine_receptor~3PBL_A~106~11011_dyn_106.psf,D(3)_dopamine_receptor_3PBL_A_rep1_106.npy,D(3)_dopamine_receptor_3PBL_A_sim106_rep1.npy,D(3)_dopamine_receptor_3PBL_A_sim106_rep1.npy,2500,D(3)_dopamine_receptor_3PBL_A_rep1_106,D(3)_dopamine_receptor_3PBL_A_sim106_rep1.npy
D(4)_dopamine_receptor~5WIU,1,1006,0.0,Dopamine,single_state,D(4)_dopamine_receptor~5WIU~unknown~17167_trj_1006.xtc,D(4)_dopamine_receptor~5WIU~1006~17164_dyn_1006.psf,D(4)_dopamine_receptor_5WIU_rep1_1006.npy,D(4)_dopamine_receptor_5WIU_sim1006_rep1.npy,D(4)_dopamine_receptor_5WIU_sim1006_rep1.npy,2500,D(4)_dopamine_receptor_5WIU_rep1_1006,D(4)_dopamine_receptor_5WIU_sim1006_rep1.npy
DRD3~3PBL,1,105,0.0,Dopamine,single_state,DRD3~3PBL~inactive~10997_trj_105.xtc,DRD3~3PBL~inactive~11002_dyn_105.psf,DRD3_3PBL_rep1_105.npy,DRD3_3PBL_sim105_rep1.npy,DRD3_3PBL_sim105_rep1.npy,2500,DRD3_3PBL_rep1_105,DRD3_3PBL_sim105_rep1.npy
Free_fatty_acid_receptor_1~4PHU_A,1,75,1.0,Free_Fatty_Acid,multi_state,Free_fatty_acid_receptor_1~4PHU_A~unknown~10731_trj_75.xtc,Free_fatty_acid_receptor_1~4PHU_A~75~10736_dyn_75.psf,Free_fatty_acid_receptor_1_4PHU_A_rep1_75.npy,Free_fatty_acid_receptor_1_4PHU_A_sim75_rep1.npy,Free_fatty_acid_receptor_1_4PHU_A_sim75_rep1.npy,2500,Free_fatty_acid_receptor_1_4PHU_A_rep1_75,Free_fatty_acid_receptor_1_4PHU_A_sim75_rep1.npy
Free_fatty_acid_receptor_1~4PHU_A,2,76,0.0,Free_Fatty_Acid,single_state,Free_fatty_acid_receptor_1~4PHU_A~unknown~10743_trj_76.xtc,Free_fatty_acid_receptor_1~4PHU_A~76~10748_dyn_76.psf,Free_fatty_acid_receptor_1_4PHU_A_rep2_76.npy,Free_fatty_acid_receptor_1_4PHU_A_sim76_rep2.npy,Free_fatty_acid_receptor_1_4PHU_A_sim76_rep2.npy,2500,Free_fatty_acid_receptor_1_4PHU_A_rep2_76,Free_fatty_acid_receptor_1_4PHU_A_sim76_rep2.npy
Guanine_nucleotide-binding_protein_G(s)_subunit_alpha_isoforms_short~6NBF,1,234,0.0,G_Protein,single_state,Guanine_nucleotide-binding_protein_G(s)_subunit_alpha_isoforms_short~6NBF~unknown~12139_trj_234.xtc,Guanine_nucleotide-binding_protein_G(s)_subunit_alpha_isoforms_short~6NBF~234~12141_dyn_234.psf,Guanine_nucleotide-binding_protein_G(s)_subunit_alpha_isoforms_short_6NBF_rep1_234.npy,Guanine_nucleotide-binding_protein_G(s)_subunit_alpha_isoforms_short_6NBF_sim234_rep1.npy,Guanine_nucleotide-binding_protein_G(s)_subunit_alpha_isoforms_short_6NBF_sim234_rep1.npy,2500,Guanine_nucleotide-binding_protein_G(s)_subunit_alpha_isoforms_short_6NBF_rep1_234,Guanine_nucleotide-binding_protein_G(s)_subunit_alpha_isoforms_short_6NBF_sim234_rep1.npy
Guanine_nucleotide-binding_protein_G(s)_subunit_alpha_isoforms_short~6NBF,2,237,0.0,G_Protein,single_state,Guanine_nucleotide-binding_protein_G(s)_subunit_alpha_isoforms_short~6NBF~unknown~12154_trj_237.xtc,Guanine_nucleotide-binding_protein_G(s)_subunit_alpha_isoforms_short~6NBF~237~12156_dyn_237.psf,Guanine_nucleotide-binding_protein_G(s)_subunit_alpha_isoforms_short_6NBF_rep2_237.npy,Guanine_nucleotide-binding_protein_G(s)_subunit_alpha_isoforms_short_6NBF_sim237_rep2.npy,Guanine_nucleotide-binding_protein_G(s)_subunit_alpha_isoforms_short_6NBF_sim237_rep2.npy,2500,Guanine_nucleotide-binding_protein_G(s)_subunit_alpha_isoforms_short_6NBF_rep2_237,Guanine_nucleotide-binding_protein_G(s)_subunit_alpha_isoforms_short_6NBF_sim237_rep2.npy
Guanine_nucleotide-binding_protein_G(s)_subunit_alpha_isoforms_short~6NBF,2,238,0.0,G_Protein,single_state,Guanine_nucleotide-binding_protein_G(s)_subunit_alpha_isoforms_short~6NBF~unknown~12159_trj_238.xtc,Guanine_nucleotide-binding_protein_G(s)_subunit_alpha_isoforms_short~6NBF~238~12161_dyn_238.psf,Guanine_nucleotide-binding_protein_G(s)_subunit_alpha_isoforms_short_6NBF_rep2_238.npy,Guanine_nucleotide-binding_protein_G(s)_subunit_alpha_isoforms_short_6NBF_sim238_rep2.npy,Guanine_nucleotide-binding_protein_G(s)_subunit_alpha_isoforms_short_6NBF_sim238_rep2.npy,2500,Guanine_nucleotide-binding_protein_G(s)_subunit_alpha_isoforms_short_6NBF_rep2_238,Guanine_nucleotide-binding_protein_G(s)_subunit_alpha_isoforms_short_6NBF_sim238_rep2.npy
Guanine_nucleotide-binding_protein_G(s)_subunit_alpha_isoforms_short~6NBF,2,247,0.0,G_Protein,single_state,Guanine_nucleotide-binding_protein_G(s)_subunit_alpha_isoforms_short~6NBF~unknown~12242_trj_247.xtc,Guanine_nucleotide-binding_protein_G(s)_subunit_alpha_isoforms_short~6NBF~247~12238_dyn_247.psf,Guanine_nucleotide-binding_protein_G(s)_subunit_alpha_isoforms_short_6NBF_rep2_247.npy,Guanine_nucleotide-binding_protein_G(s)_subunit_alpha_isoforms_short_6NBF_sim247_rep2.npy,Guanine_nucleotide-binding_protein_G(s)_subunit_alpha_isoforms_short_6NBF_sim247_rep2.npy,2500,Guanine_nucleotide-binding_protein_G(s)_subunit_alpha_isoforms_short_6NBF_rep2_247,Guanine_nucleotide-binding_protein_G(s)_subunit_alpha_isoforms_short_6NBF_sim247_rep2.npy
unknown~6NBF,1,1296,0.0,G_Protein,single_state,unknown~6NBF~unknown~19388_trj_1296.dcd,unknown~6NBF~unknown~19380_dyn_1296.psf,unknown_6NBF_rep1_1296.npy,unknown_6NBF_sim1296_rep1.npy,unknown_6NBF_sim1296_rep1.npy,1000,unknown_6NBF_rep1_1296,unknown_6NBF_sim1296_rep1.npy
unknown~6NBF,1,1297,0.0,G_Protein,single_state,unknown~6NBF~unknown~19386_trj_1297.dcd,unknown~6NBF~1297~19383_dyn_1297.psf,unknown_6NBF_rep1_1297.npy,unknown_6NBF_sim1297_rep1.npy,unknown_6NBF_sim1297_rep1.npy,1000,unknown_6NBF_rep1_1297,unknown_6NBF_sim1297_rep1.npy
HRH1~3RZE,1,108,0.0,Histamine,single_state,HRH1~3RZE~inactive~11023_trj_108.xtc,HRH1~3RZE~inactive~11028_dyn_108.psf,HRH1_3RZE_rep1_108.npy,HRH1_3RZE_sim108_rep1.npy,HRH1_3RZE_sim108_rep1.npy,2500,HRH1_3RZE_rep1_108,HRH1_3RZE_sim108_rep1.npy
Histamine_H1_receptor~3RZE_A,1,109,0.0,Histamine,single_state,Histamine_H1_receptor~3RZE_A~unknown~11039_trj_109.xtc,Histamine_H1_receptor~3RZE_A~unknown~11043_dyn_109.psf,Histamine_H1_receptor_3RZE_A_rep1_109.npy,Histamine_H1_receptor_3RZE_A_sim109_rep1.npy,Histamine_H1_receptor_3RZE_A_sim109_rep1.npy,2500,Histamine_H1_receptor_3RZE_A_rep1_109,Histamine_H1_receptor_3RZE_A_sim109_rep1.npy
Histamine_H1_receptor~3RZE_A,1,126,0.0,Histamine,single_state,Histamine_H1_receptor~3RZE_A~unknown~11209_trj_126.xtc,Histamine_H1_receptor~3RZE_A~unknown~11213_dyn_126.psf,Histamine_H1_receptor_3RZE_A_rep1_126.npy,Histamine_H1_receptor_3RZE_A_sim126_rep1.npy,Histamine_H1_receptor_3RZE_A_sim126_rep1.npy,2500,Histamine_H1_receptor_3RZE_A_rep1_126,Histamine_H1_receptor_3RZE_A_sim126_rep1.npy
Cysteinyl_leukotriene_receptor_2~6RZ6,2,825,1.0,Lipid,multi_state,Cysteinyl_leukotriene_receptor_2~6RZ6~unknown~15946_trj_825.xtc,Cysteinyl_leukotriene_receptor_2~6RZ6~825~15943_dyn_825.psf,Cysteinyl_leukotriene_receptor_2_6RZ6_rep2_825.npy,Cysteinyl_leukotriene_receptor_2_6RZ6_sim825_rep2.npy,Cysteinyl_leukotriene_receptor_2_6RZ6_sim825_rep2.npy,2500,Cysteinyl_leukotriene_receptor_2_6RZ6_rep2_825,Cysteinyl_leukotriene_receptor_2_6RZ6_sim825_rep2.npy
Lysophosphatidic_acid_receptor_1~4Z34_A,1,171,0.0,Lipid,single_state,Lysophosphatidic_acid_receptor_1~4Z34_A~unknown~11593_trj_171.xtc,Lysophosphatidic_acid_receptor_1~4Z34_A~unknown~11597_dyn_171.psf,Lysophosphatidic_acid_receptor_1_4Z34_A_rep1_171.npy,Lysophosphatidic_acid_receptor_1_4Z34_A_sim171_rep1.npy,Lysophosphatidic_acid_receptor_1_4Z34_A_sim171_rep1.npy,750,Lysophosphatidic_acid_receptor_1_4Z34_A_rep1_171,Lysophosphatidic_acid_receptor_1_4Z34_A_sim171_rep1.npy
Lysophosphatidic_acid_receptor_1~4Z34_A,1,183,1.0,Lipid,multi_state,Lysophosphatidic_acid_receptor_1~4Z34_A~unknown~11705_trj_183.xtc,Lysophosphatidic_acid_receptor_1~4Z34_A~unknown~11709_dyn_183.psf,Lysophosphatidic_acid_receptor_1_4Z34_A_rep1_183.npy,Lysophosphatidic_acid_receptor_1_4Z34_A_sim183_rep1.npy,Lysophosphatidic_acid_receptor_1_4Z34_A_sim183_rep1.npy,2500,Lysophosphatidic_acid_receptor_1_4Z34_A_rep1_183,Lysophosphatidic_acid_receptor_1_4Z34_A_sim183_rep1.npy
Lysophosphatidic_acid_receptor_1~4Z35_A,1,184,0.0,Lipid,single_state,Lysophosphatidic_acid_receptor_1~4Z35_A~unknown~11712_trj_184.xtc,Lysophosphatidic_acid_receptor_1~4Z35_A~unknown~11718_dyn_184.psf,Lysophosphatidic_acid_receptor_1_4Z35_A_rep1_184.npy,Lysophosphatidic_acid_receptor_1_4Z35_A_sim184_rep1.npy,Lysophosphatidic_acid_receptor_1_4Z35_A_sim184_rep1.npy,2500,Lysophosphatidic_acid_receptor_1_4Z35_A_rep1_184,Lysophosphatidic_acid_receptor_1_4Z35_A_sim184_rep1.npy
Lysophosphatidic_acid_receptor_1~4Z36_A,1,185,1.0,Lipid,multi_state,Lysophosphatidic_acid_receptor_1~4Z36_A~unknown~11719_trj_185.xtc,Lysophosphatidic_acid_receptor_1~4Z36_A~unknown~11724_dyn_185.psf,Lysophosphatidic_acid_receptor_1_4Z36_A_rep1_185.npy,Lysophosphatidic_acid_receptor_1_4Z36_A_sim185_rep1.npy,Lysophosphatidic_acid_receptor_1_4Z36_A_sim185_rep1.npy,2500,Lysophosphatidic_acid_receptor_1_4Z36_A_rep1_185,Lysophosphatidic_acid_receptor_1_4Z36_A_sim185_rep1.npy
PAFR~8XYD,1,2014,1.0,Lipid,multi_state,PAFR~8XYD~unknown~23887_trj_2014.dcd,PAFR~8XYD~unknown~23884_dyn_2014.psf,PAFR_8XYD_rep1_2014.npy,PAFR_8XYD_sim2014_rep1.npy,PAFR_8XYD_sim2014_rep1.npy,10000,PAFR_8XYD_rep1_2014,PAFR_8XYD_sim2014_rep1.npy
PAFR~8XYD,1,2017,0.0,Lipid,single_state,PAFR~8XYD~unknown~23897_trj_2017.dcd,PAFR~8XYD~unknown~23892_dyn_2017.psf,PAFR_8XYD_rep1_2017.npy,PAFR_8XYD_sim2017_rep1.npy,PAFR_8XYD_sim2017_rep1.npy,6599,PAFR_8XYD_rep1_2017,PAFR_8XYD_sim2017_rep1.npy
Sphingosine_1-phosphate_receptor_1~3V2Y_A,1,127,1.0,Lipid,multi_state,Sphingosine_1-phosphate_receptor_1~3V2Y_A~unknown~11221_trj_127.xtc,Sphingosine_1-phosphate_receptor_1~3V2Y_A~127~11225_dyn_127.psf,Sphingosine_1-phosphate_receptor_1_3V2Y_A_rep1_127.npy,Sphingosine_1-phosphate_receptor_1_3V2Y_A_sim127_rep1.npy,Sphingosine_1-phosphate_receptor_1_3V2Y_A_sim127_rep1.npy,2500,Sphingosine_1-phosphate_receptor_1_3V2Y_A_rep1_127,Sphingosine_1-phosphate_receptor_1_3V2Y_A_sim127_rep1.npy
Sphingosine_1-phosphate_receptor_1~3V2Y_A,1,63,0.0,Lipid,single_state,Sphingosine_1-phosphate_receptor_1~3V2Y_A~unknown~10627_trj_63.xtc,Sphingosine_1-phosphate_receptor_1~3V2Y_A~63~10632_dyn_63.psf,Sphingosine_1-phosphate_receptor_1_3V2Y_A_rep1_63.npy,Sphingosine_1-phosphate_receptor_1_3V2Y_A_sim63_rep1.npy,Sphingosine_1-phosphate_receptor_1_3V2Y_A_sim63_rep1.npy,2500,Sphingosine_1-phosphate_receptor_1_3V2Y_A_rep1_63,Sphingosine_1-phosphate_receptor_1_3V2Y_A_sim63_rep1.npy
Melatonin_receptor_type_1A~6PS8,2,1007,1.0,Melatonin,multi_state,Melatonin_receptor_type_1A~6PS8~unknown~17174_trj_1007.xtc,Melatonin_receptor_type_1A~6PS8~1007~17171_dyn_1007.psf,Melatonin_receptor_type_1A_6PS8_rep2_1007.npy,Melatonin_receptor_type_1A_6PS8_sim1007_rep2.npy,Melatonin_receptor_type_1A_6PS8_sim1007_rep2.npy,2500,Melatonin_receptor_type_1A_6PS8_rep2_1007,Melatonin_receptor_type_1A_6PS8_sim1007_rep2.npy
Metabotropic_glutamate_receptor_1~4OR2_A,1,81,0.0,Metabotropic_Glutamate,single_state,Metabotropic_glutamate_receptor_1~4OR2_A~unknown~10794_trj_81.xtc,Metabotropic_glutamate_receptor_1~4OR2_A~81~10796_dyn_81.psf,Metabotropic_glutamate_receptor_1_4OR2_A_rep1_81.npy,Metabotropic_glutamate_receptor_1_4OR2_A_sim81_rep1.npy,Metabotropic_glutamate_receptor_1_4OR2_A_sim81_rep1.npy,2500,Metabotropic_glutamate_receptor_1_4OR2_A_rep1_81,Metabotropic_glutamate_receptor_1_4OR2_A_sim81_rep1.npy
Metabotropic_glutamate_receptor_5~4OO9_A,1,74,0.0,Metabotropic_Glutamate,single_state,Metabotropic_glutamate_receptor_5~4OO9_A~unknown~10723_trj_74.xtc,Metabotropic_glutamate_receptor_5~4OO9_A~74~10728_dyn_74.psf,Metabotropic_glutamate_receptor_5_4OO9_A_rep1_74.npy,Metabotropic_glutamate_receptor_5_4OO9_A_sim74_rep1.npy,Metabotropic_glutamate_receptor_5_4OO9_A_sim74_rep1.npy,2250,Metabotropic_glutamate_receptor_5_4OO9_A_rep1_74,Metabotropic_glutamate_receptor_5_4OO9_A_sim74_rep1.npy
Metabotropic_glutamate_receptor_5~5CGC_A,1,152,0.0,Metabotropic_Glutamate,single_state,Metabotropic_glutamate_receptor_5~5CGC_A~unknown~11435_trj_152.xtc,Metabotropic_glutamate_receptor_5~5CGC_A~unknown~11440_dyn_152.psf,Metabotropic_glutamate_receptor_5_5CGC_A_rep1_152.npy,Metabotropic_glutamate_receptor_5_5CGC_A_sim152_rep1.npy,Metabotropic_glutamate_receptor_5_5CGC_A_sim152_rep1.npy,2500,Metabotropic_glutamate_receptor_5_5CGC_A_rep1_152,Metabotropic_glutamate_receptor_5_5CGC_A_sim152_rep1.npy
Metabotropic_glutamate_receptor_5~5CGD_A,1,153,0.0,Metabotropic_Glutamate,single_state,Metabotropic_glutamate_receptor_5~5CGD_A~unknown~11443_trj_153.xtc,Metabotropic_glutamate_receptor_5~5CGD_A~unknown~11447_dyn_153.psf,Metabotropic_glutamate_receptor_5_5CGD_A_rep1_153.npy,Metabotropic_glutamate_receptor_5_5CGD_A_sim153_rep1.npy,Metabotropic_glutamate_receptor_5_5CGD_A_sim153_rep1.npy,2500,Metabotropic_glutamate_receptor_5_5CGD_A_rep1_153,Metabotropic_glutamate_receptor_5_5CGD_A_sim153_rep1.npy
Metabotropic_glutamate_receptor_5~5CGD_A,1,193,0.0,Metabotropic_Glutamate,single_state,Metabotropic_glutamate_receptor_5~5CGD_A~unknown~11777_trj_193.xtc,Metabotropic_glutamate_receptor_5~5CGD_A~unknown~11781_dyn_193.psf,Metabotropic_glutamate_receptor_5_5CGD_A_rep1_193.npy,Metabotropic_glutamate_receptor_5_5CGD_A_sim193_rep1.npy,Metabotropic_glutamate_receptor_5_5CGD_A_sim193_rep1.npy,2500,Metabotropic_glutamate_receptor_5_5CGD_A_rep1_193,Metabotropic_glutamate_receptor_5_5CGD_A_sim193_rep1.npy
CHRM2~3UON,1,111,0.0,Muscarinic,single_state,CHRM2~3UON~inactive~11054_trj_111.xtc,CHRM2~3UON~inactive~11058_dyn_111.psf,CHRM2_3UON_rep1_111.npy,CHRM2_3UON_sim111_rep1.npy,CHRM2_3UON_sim111_rep1.npy,2500,CHRM2_3UON_rep1_111,CHRM2_3UON_sim111_rep1.npy
Muscarinic_acetylcholine_receptor_M1~5CXV_A,1,154,1.0,Muscarinic,multi_state,Muscarinic_acetylcholine_receptor_M1~5CXV_A~unknown~11453_trj_154.xtc,Muscarinic_acetylcholine_receptor_M1~5CXV_A~unknown~11457_dyn_154.psf,Muscarinic_acetylcholine_receptor_M1_5CXV_A_rep1_154.npy,Muscarinic_acetylcholine_receptor_M1_5CXV_A_sim154_rep1.npy,Muscarinic_acetylcholine_receptor_M1_5CXV_A_sim154_rep1.npy,2000,Muscarinic_acetylcholine_receptor_M1_5CXV_A_rep1_154,Muscarinic_acetylcholine_receptor_M1_5CXV_A_sim154_rep1.npy
Muscarinic_acetylcholine_receptor_M1~5CXV_A,1,194,0.0,Muscarinic,single_state,Muscarinic_acetylcholine_receptor_M1~5CXV_A~unknown~11785_trj_194.xtc,Muscarinic_acetylcholine_receptor_M1~5CXV_A~unknown~11789_dyn_194.psf,Muscarinic_acetylcholine_receptor_M1_5CXV_A_rep1_194.npy,Muscarinic_acetylcholine_receptor_M1_5CXV_A_sim194_rep1.npy,Muscarinic_acetylcholine_receptor_M1_5CXV_A_sim194_rep1.npy,2500,Muscarinic_acetylcholine_receptor_M1_5CXV_A_rep1_194,Muscarinic_acetylcholine_receptor_M1_5CXV_A_sim194_rep1.npy
Muscarinic_acetylcholine_receptor_M2~3UON_A,1,112,0.0,Muscarinic,single_state,Muscarinic_acetylcholine_receptor_M2~3UON_A~unknown~11065_trj_112.xtc,Muscarinic_acetylcholine_receptor_M2~3UON_A~unknown~11069_dyn_112.psf,Muscarinic_acetylcholine_receptor_M2_3UON_A_rep1_112.npy,Muscarinic_acetylcholine_receptor_M2_3UON_A_sim112_rep1.npy,Muscarinic_acetylcholine_receptor_M2_3UON_A_sim112_rep1.npy,2500,Muscarinic_acetylcholine_receptor_M2_3UON_A_rep1_112,Muscarinic_acetylcholine_receptor_M2_3UON_A_sim112_rep1.npy
Muscarinic_acetylcholine_receptor_M2~4MQS_A,1,68,0.0,Muscarinic,single_state,Muscarinic_acetylcholine_receptor_M2~4MQS_A~unknown~10673_trj_68.xtc,Muscarinic_acetylcholine_receptor_M2~4MQS_A~unknown~10678_dyn_68.psf,Muscarinic_acetylcholine_receptor_M2_4MQS_A_rep1_68.npy,Muscarinic_acetylcholine_receptor_M2_4MQS_A_sim68_rep1.npy,Muscarinic_acetylcholine_receptor_M2_4MQS_A_sim68_rep1.npy,2500,Muscarinic_acetylcholine_receptor_M2_4MQS_A_rep1_68,Muscarinic_acetylcholine_receptor_M2_4MQS_A_sim68_rep1.npy
Muscarinic_acetylcholine_receptor_M2~4MQS_A,2,69,1.0,Muscarinic,multi_state,Muscarinic_acetylcholine_receptor_M2~4MQS_A~unknown~10681_trj_69.xtc,Muscarinic_acetylcholine_receptor_M2~4MQS_A~unknown~10686_dyn_69.psf,Muscarinic_acetylcholine_receptor_M2_4MQS_A_rep2_69.npy,Muscarinic_acetylcholine_receptor_M2_4MQS_A_sim69_rep2.npy,Muscarinic_acetylcholine_receptor_M2_4MQS_A_sim69_rep2.npy,2500,Muscarinic_acetylcholine_receptor_M2_4MQS_A_rep2_69,Muscarinic_acetylcholine_receptor_M2_4MQS_A_sim69_rep2.npy
Muscarinic_acetylcholine_receptor_M2~4MQT_A,2,72,0.0,Muscarinic,single_state,Muscarinic_acetylcholine_receptor_M2~4MQT_A~unknown~10705_trj_72.xtc,Muscarinic_acetylcholine_receptor_M2~4MQT_A~72~10710_dyn_72.psf,Muscarinic_acetylcholine_receptor_M2_4MQT_A_rep2_72.npy,Muscarinic_acetylcholine_receptor_M2_4MQT_A_sim72_rep2.npy,Muscarinic_acetylcholine_receptor_M2_4MQT_A_sim72_rep2.npy,2500,Muscarinic_acetylcholine_receptor_M2_4MQT_A_rep2_72,Muscarinic_acetylcholine_receptor_M2_4MQT_A_sim72_rep2.npy
Muscarinic_acetylcholine_receptor_M3~4U15_B,1,174,1.0,Muscarinic,multi_state,Muscarinic_acetylcholine_receptor_M3~4U15_B~unknown~11643_trj_174.xtc,Muscarinic_acetylcholine_receptor_M3~4U15_B~unknown~11648_dyn_174.psf,Muscarinic_acetylcholine_receptor_M3_4U15_B_rep1_174.npy,Muscarinic_acetylcholine_receptor_M3_4U15_B_sim174_rep1.npy,Muscarinic_acetylcholine_receptor_M3_4U15_B_sim174_rep1.npy,2500,Muscarinic_acetylcholine_receptor_M3_4U15_B_rep1_174,Muscarinic_acetylcholine_receptor_M3_4U15_B_sim174_rep1.npy
Muscarinic_acetylcholine_receptor_M3~4U15_B,1,93,0.0,Muscarinic,single_state,Muscarinic_acetylcholine_receptor_M3~4U15_B~unknown~10894_trj_93.xtc,Muscarinic_acetylcholine_receptor_M3~4U15_B~93~10900_dyn_93.psf,Muscarinic_acetylcholine_receptor_M3_4U15_B_rep1_93.npy,Muscarinic_acetylcholine_receptor_M3_4U15_B_sim93_rep1.npy,Muscarinic_acetylcholine_receptor_M3_4U15_B_sim93_rep1.npy,2500,Muscarinic_acetylcholine_receptor_M3_4U15_B_rep1_93,Muscarinic_acetylcholine_receptor_M3_4U15_B_sim93_rep1.npy
Muscarinic_acetylcholine_receptor_M3~4U16_B,1,175,0.0,Muscarinic,single_state,Muscarinic_acetylcholine_receptor_M3~4U16_B~unknown~11650_trj_175.xtc,Muscarinic_acetylcholine_receptor_M3~4U16_B~unknown~11654_dyn_175.psf,Muscarinic_acetylcholine_receptor_M3_4U16_B_rep1_175.npy,Muscarinic_acetylcholine_receptor_M3_4U16_B_sim175_rep1.npy,Muscarinic_acetylcholine_receptor_M3_4U16_B_sim175_rep1.npy,2500,Muscarinic_acetylcholine_receptor_M3_4U16_B_rep1_175,Muscarinic_acetylcholine_receptor_M3_4U16_B_sim175_rep1.npy
Muscarinic_acetylcholine_receptor_M3~4U16_B,1,176,0.0,Muscarinic,single_state,Muscarinic_acetylcholine_receptor_M3~4U16_B~unknown~11657_trj_176.xtc,Muscarinic_acetylcholine_receptor_M3~4U16_B~unknown~11660_dyn_176.psf,Muscarinic_acetylcholine_receptor_M3_4U16_B_rep1_176.npy,Muscarinic_acetylcholine_receptor_M3_4U16_B_sim176_rep1.npy,Muscarinic_acetylcholine_receptor_M3_4U16_B_sim176_rep1.npy,2500,Muscarinic_acetylcholine_receptor_M3_4U16_B_rep1_176,Muscarinic_acetylcholine_receptor_M3_4U16_B_sim176_rep1.npy
Muscarinic_acetylcholine_receptor_M4~5DSG_B,2,157,0.0,Muscarinic,single_state,Muscarinic_acetylcholine_receptor_M4~5DSG_B~unknown~11477_trj_157.xtc,Muscarinic_acetylcholine_receptor_M4~5DSG_B~157~11482_dyn_157.psf,Muscarinic_acetylcholine_receptor_M4_5DSG_B_rep2_157.npy,Muscarinic_acetylcholine_receptor_M4_5DSG_B_sim157_rep2.npy,Muscarinic_acetylcholine_receptor_M4_5DSG_B_sim157_rep2.npy,2500,Muscarinic_acetylcholine_receptor_M4_5DSG_B_rep2_157,Muscarinic_acetylcholine_receptor_M4_5DSG_B_sim157_rep2.npy
Muscarinic_acetylcholine_receptor_M4~5DSG_B,1,173,0.0,Muscarinic,single_state,Muscarinic_acetylcholine_receptor_M4~5DSG_B~unknown~11612_trj_173.xtc,Muscarinic_acetylcholine_receptor_M4~5DSG_B~unknown~11616_dyn_173.psf,Muscarinic_acetylcholine_receptor_M4_5DSG_B_rep1_173.npy,Muscarinic_acetylcholine_receptor_M4_5DSG_B_sim173_rep1.npy,Muscarinic_acetylcholine_receptor_M4_5DSG_B_sim173_rep1.npy,2500,Muscarinic_acetylcholine_receptor_M4_5DSG_B_rep1_173,Muscarinic_acetylcholine_receptor_M4_5DSG_B_sim173_rep1.npy
Neuropeptide_Y_receptor_type_1~5ZBH,1,905,0.0,Neuropeptide_Y,single_state,Neuropeptide_Y_receptor_type_1~5ZBH~unknown~16488_trj_905.xtc,Neuropeptide_Y_receptor_type_1~5ZBH~905~16485_dyn_905.psf,Neuropeptide_Y_receptor_type_1_5ZBH_rep1_905.npy,Neuropeptide_Y_receptor_type_1_5ZBH_sim905_rep1.npy,Neuropeptide_Y_receptor_type_1_5ZBH_sim905_rep1.npy,2500,Neuropeptide_Y_receptor_type_1_5ZBH_rep1_905,Neuropeptide_Y_receptor_type_1_5ZBH_sim905_rep1.npy
Delta-type_opioid_receptor~4N6H_A,1,145,0.0,Opioid,single_state,Delta-type_opioid_receptor~4N6H_A~unknown~11372_trj_145.xtc,Delta-type_opioid_receptor~4N6H_A~unknown~11377_dyn_145.psf,Delta-type_opioid_receptor_4N6H_A_rep1_145.npy,Delta-type_opioid_receptor_4N6H_A_sim145_rep1.npy,Delta-type_opioid_receptor_4N6H_A_sim145_rep1.npy,2500,Delta-type_opioid_receptor_4N6H_A_rep1_145,Delta-type_opioid_receptor_4N6H_A_sim145_rep1.npy
Delta-type_opioid_receptor~4N6H_A,1,73,1.0,Opioid,multi_state,Delta-type_opioid_receptor~4N6H_A~unknown~10713_trj_73.xtc,Delta-type_opioid_receptor~4N6H_A~unknown~10718_dyn_73.psf,Delta-type_opioid_receptor_4N6H_A_rep1_73.npy,Delta-type_opioid_receptor_4N6H_A_sim73_rep1.npy,Delta-type_opioid_receptor_4N6H_A_sim73_rep1.npy,2500,Delta-type_opioid_receptor_4N6H_A_rep1_73,Delta-type_opioid_receptor_4N6H_A_sim73_rep1.npy
Delta-type_opioid_receptor~4RWD_A,1,84,0.0,Opioid,single_state,Delta-type_opioid_receptor~4RWD_A~unknown~10814_trj_84.xtc,Delta-type_opioid_receptor~4RWD_A~unknown~10819_dyn_84.psf,Delta-type_opioid_receptor_4RWD_A_rep1_84.npy,Delta-type_opioid_receptor_4RWD_A_sim84_rep1.npy,Delta-type_opioid_receptor_4RWD_A_sim84_rep1.npy,2500,Delta-type_opioid_receptor_4RWD_A_rep1_84,Delta-type_opioid_receptor_4RWD_A_sim84_rep1.npy
Kappa-type_opioid_receptor~4DJH_A,1,59,0.0,Opioid,single_state,Kappa-type_opioid_receptor~4DJH_A~unknown~10592_trj_59.xtc,Kappa-type_opioid_receptor~4DJH_A~unknown~10595_dyn_59.psf,Kappa-type_opioid_receptor_4DJH_A_rep1_59.npy,Kappa-type_opioid_receptor_4DJH_A_sim59_rep1.npy,Kappa-type_opioid_receptor_4DJH_A_sim59_rep1.npy,2500,Kappa-type_opioid_receptor_4DJH_A_rep1_59,Kappa-type_opioid_receptor_4DJH_A_sim59_rep1.npy
Kappa-type_opioid_receptor~4DJH_A,1,60,1.0,Opioid,multi_state,Kappa-type_opioid_receptor~4DJH_A~unknown~10604_trj_60.xtc,Kappa-type_opioid_receptor~4DJH_A~unknown~10607_dyn_60.psf,Kappa-type_opioid_receptor_4DJH_A_rep1_60.npy,Kappa-type_opioid_receptor_4DJH_A_sim60_rep1.npy,Kappa-type_opioid_receptor_4DJH_A_sim60_rep1.npy,2500,Kappa-type_opioid_receptor_4DJH_A_rep1_60,Kappa-type_opioid_receptor_4DJH_A_sim60_rep1.npy
Mu-type_opioid_receptor~4DKL_A,1,61,0.0,Opioid,single_state,Mu-type_opioid_receptor~4DKL_A~unknown~10612_trj_61.xtc,Mu-type_opioid_receptor~4DKL_A~unknown~10615_dyn_61.psf,Mu-type_opioid_receptor_4DKL_A_rep1_61.npy,Mu-type_opioid_receptor_4DKL_A_sim61_rep1.npy,Mu-type_opioid_receptor_4DKL_A_sim61_rep1.npy,2500,Mu-type_opioid_receptor_4DKL_A_rep1_61,Mu-type_opioid_receptor_4DKL_A_sim61_rep1.npy
Mu-type_opioid_receptor~5C1M,1,199,0.0,Opioid,single_state,Mu-type_opioid_receptor~5C1M~unknown~11888_trj_199.xtc,Mu-type_opioid_receptor~5C1M~unknown~11882_dyn_199.psf,Mu-type_opioid_receptor_5C1M_rep1_199.npy,Mu-type_opioid_receptor_5C1M_sim199_rep1.npy,Mu-type_opioid_receptor_5C1M_sim199_rep1.npy,12000,Mu-type_opioid_receptor_5C1M_rep1_199,Mu-type_opioid_receptor_5C1M_sim199_rep1.npy
Mu-type_opioid_receptor~5C1M,2,201,0.0,Opioid,single_state,Mu-type_opioid_receptor~5C1M~unknown~11897_trj_201.xtc,Mu-type_opioid_receptor~5C1M~201~11900_dyn_201.psf,Mu-type_opioid_receptor_5C1M_rep2_201.npy,Mu-type_opioid_receptor_5C1M_sim201_rep2.npy,Mu-type_opioid_receptor_5C1M_sim201_rep2.npy,11800,Mu-type_opioid_receptor_5C1M_rep2_201,Mu-type_opioid_receptor_5C1M_sim201_rep2.npy
Mu-type_opioid_receptor~5C1M_A,1,151,0.0,Opioid,single_state,Mu-type_opioid_receptor~5C1M_A~unknown~11423_trj_151.xtc,Mu-type_opioid_receptor~5C1M_A~unknown~11427_dyn_151.psf,Mu-type_opioid_receptor_5C1M_A_rep1_151.npy,Mu-type_opioid_receptor_5C1M_A_sim151_rep1.npy,Mu-type_opioid_receptor_5C1M_A_sim151_rep1.npy,2500,Mu-type_opioid_receptor_5C1M_A_rep1_151,Mu-type_opioid_receptor_5C1M_A_sim151_rep1.npy
Nociceptin_receptor~4EA3_A,1,62,0.0,Opioid,single_state,Nociceptin_receptor~4EA3_A~unknown~10620_trj_62.xtc,Nociceptin_receptor~4EA3_A~unknown~10623_dyn_62.psf,Nociceptin_receptor_4EA3_A_rep1_62.npy,Nociceptin_receptor_4EA3_A_sim62_rep1.npy,Nociceptin_receptor_4EA3_A_sim62_rep1.npy,2500,Nociceptin_receptor_4EA3_A_rep1_62,Nociceptin_receptor_4EA3_A_sim62_rep1.npy
Nociceptin_receptor~4EA3_A,1,70,0.0,Opioid,single_state,Nociceptin_receptor~4EA3_A~unknown~10691_trj_70.xtc,Nociceptin_receptor~4EA3_A~unknown~10694_dyn_70.psf,Nociceptin_receptor_4EA3_A_rep1_70.npy,Nociceptin_receptor_4EA3_A_sim70_rep1.npy,Nociceptin_receptor_4EA3_A_sim70_rep1.npy,2500,Nociceptin_receptor_4EA3_A_rep1_70,Nociceptin_receptor_4EA3_A_sim70_rep1.npy
Nociceptin_receptor~5DHG_A,1,156,1.0,Opioid,multi_state,Nociceptin_receptor~5DHG_A~unknown~11469_trj_156.xtc,Nociceptin_receptor~5DHG_A~unknown~11473_dyn_156.psf,Nociceptin_receptor_5DHG_A_rep1_156.npy,Nociceptin_receptor_5DHG_A_sim156_rep1.npy,Nociceptin_receptor_5DHG_A_sim156_rep1.npy,2500,Nociceptin_receptor_5DHG_A_rep1_156,Nociceptin_receptor_5DHG_A_sim156_rep1.npy
Nociceptin_receptor~5DHH_A,1,155,1.0,Opioid,multi_state,Nociceptin_receptor~5DHH_A~unknown~11461_trj_155.xtc,Nociceptin_receptor~5DHH_A~unknown~11465_dyn_155.psf,Nociceptin_receptor_5DHH_A_rep1_155.npy,Nociceptin_receptor_5DHH_A_sim155_rep1.npy,Nociceptin_receptor_5DHH_A_sim155_rep1.npy,2500,Nociceptin_receptor_5DHH_A_rep1_155,Nociceptin_receptor_5DHH_A_sim155_rep1.npy
Orexin_receptor_type_1~4ZJ8_A,1,186,1.0,Orexin,multi_state,Orexin_receptor_type_1~4ZJ8_A~unknown~11726_trj_186.xtc,Orexin_receptor_type_1~4ZJ8_A~unknown~11732_dyn_186.psf,Orexin_receptor_type_1_4ZJ8_A_rep1_186.npy,Orexin_receptor_type_1_4ZJ8_A_sim186_rep1.npy,Orexin_receptor_type_1_4ZJ8_A_sim186_rep1.npy,2500,Orexin_receptor_type_1_4ZJ8_A_rep1_186,Orexin_receptor_type_1_4ZJ8_A_sim186_rep1.npy
Orexin_receptor_type_1~4ZJ8_A,1,187,1.0,Orexin,multi_state,Orexin_receptor_type_1~4ZJ8_A~unknown~11733_trj_187.xtc,Orexin_receptor_type_1~4ZJ8_A~unknown~11738_dyn_187.psf,Orexin_receptor_type_1_4ZJ8_A_rep1_187.npy,Orexin_receptor_type_1_4ZJ8_A_sim187_rep1.npy,Orexin_receptor_type_1_4ZJ8_A_sim187_rep1.npy,2500,Orexin_receptor_type_1_4ZJ8_A_rep1_187,Orexin_receptor_type_1_4ZJ8_A_sim187_rep1.npy
Orexin_receptor_type_1~4ZJC_A,1,188,0.0,Orexin,single_state,Orexin_receptor_type_1~4ZJC_A~unknown~11740_trj_188.xtc,Orexin_receptor_type_1~4ZJC_A~unknown~11744_dyn_188.psf,Orexin_receptor_type_1_4ZJC_A_rep1_188.npy,Orexin_receptor_type_1_4ZJC_A_sim188_rep1.npy,Orexin_receptor_type_1_4ZJC_A_sim188_rep1.npy,2500,Orexin_receptor_type_1_4ZJC_A_rep1_188,Orexin_receptor_type_1_4ZJC_A_sim188_rep1.npy
Orexin_receptor_type_1~6TOS,1,822,1.0,Orexin,multi_state,Orexin_receptor_type_1~6TOS~unknown~15925_trj_822.xtc,Orexin_receptor_type_1~6TOS~822~15922_dyn_822.psf,Orexin_receptor_type_1_6TOS_rep1_822.npy,Orexin_receptor_type_1_6TOS_sim822_rep1.npy,Orexin_receptor_type_1_6TOS_sim822_rep1.npy,2500,Orexin_receptor_type_1_6TOS_rep1_822,Orexin_receptor_type_1_6TOS_sim822_rep1.npy
Orexin_receptor_type_2~4S0V_A,1,172,0.0,Orexin,single_state,Orexin_receptor_type_2~4S0V_A~unknown~11604_trj_172.xtc,Orexin_receptor_type_2~4S0V_A~unknown~11608_dyn_172.psf,Orexin_receptor_type_2_4S0V_A_rep1_172.npy,Orexin_receptor_type_2_4S0V_A_sim172_rep1.npy,Orexin_receptor_type_2_4S0V_A_sim172_rep1.npy,2500,Orexin_receptor_type_2_4S0V_A_rep1_172,Orexin_receptor_type_2_4S0V_A_sim172_rep1.npy
Orexin_receptor_type_2~4S0V_A,1,91,1.0,Orexin,multi_state,Orexin_receptor_type_2~4S0V_A~unknown~10874_trj_91.xtc,Orexin_receptor_type_2~4S0V_A~unknown~10878_dyn_91.psf,Orexin_receptor_type_2_4S0V_A_rep1_91.npy,Orexin_receptor_type_2_4S0V_A_sim91_rep1.npy,Orexin_receptor_type_2_4S0V_A_sim91_rep1.npy,2500,Orexin_receptor_type_2_4S0V_A_rep1_91,Orexin_receptor_type_2_4S0V_A_sim91_rep1.npy
Prostaglandin_E2_receptor_EP3_subtype~6M9T,1,748,0.0,Prostaglandin,single_state,Prostaglandin_E2_receptor_EP3_subtype~6M9T~unknown~15422_trj_748.xtc,Prostaglandin_E2_receptor_EP3_subtype~6M9T~748~15419_dyn_748.psf,Prostaglandin_E2_receptor_EP3_subtype_6M9T_rep1_748.npy,Prostaglandin_E2_receptor_EP3_subtype_6M9T_sim748_rep1.npy,Prostaglandin_E2_receptor_EP3_subtype_6M9T_sim748_rep1.npy,2500,Prostaglandin_E2_receptor_EP3_subtype_6M9T_rep1_748,Prostaglandin_E2_receptor_EP3_subtype_6M9T_sim748_rep1.npy
P2Y_purinoceptor_12~4NTJ,2,716,0.0,Purinergic,single_state,P2Y_purinoceptor_12~4NTJ~unknown~15198_trj_716.xtc,P2Y_purinoceptor_12~4NTJ~716~15195_dyn_716.psf,P2Y_purinoceptor_12_4NTJ_rep2_716.npy,P2Y_purinoceptor_12_4NTJ_sim716_rep2.npy,P2Y_purinoceptor_12_4NTJ_sim716_rep2.npy,2500,P2Y_purinoceptor_12_4NTJ_rep2_716,P2Y_purinoceptor_12_4NTJ_sim716_rep2.npy
P2Y_purinoceptor_12~4PXZ_A,1,77,1.0,Purinergic,multi_state,P2Y_purinoceptor_12~4PXZ_A~unknown~10751_trj_77.xtc,P2Y_purinoceptor_12~4PXZ_A~unknown~10756_dyn_77.psf,P2Y_purinoceptor_12_4PXZ_A_rep1_77.npy,P2Y_purinoceptor_12_4PXZ_A_sim77_rep1.npy,P2Y_purinoceptor_12_4PXZ_A_sim77_rep1.npy,2500,P2Y_purinoceptor_12_4PXZ_A_rep1_77,P2Y_purinoceptor_12_4PXZ_A_sim77_rep1.npy
P2Y_purinoceptor_12~4PXZ_A,1,78,0.0,Purinergic,single_state,P2Y_purinoceptor_12~4PXZ_A~unknown~10761_trj_78.xtc,P2Y_purinoceptor_12~4PXZ_A~unknown~10766_dyn_78.psf,P2Y_purinoceptor_12_4PXZ_A_rep1_78.npy,P2Y_purinoceptor_12_4PXZ_A_sim78_rep1.npy,P2Y_purinoceptor_12_4PXZ_A_sim78_rep1.npy,2500,P2Y_purinoceptor_12_4PXZ_A_rep1_78,P2Y_purinoceptor_12_4PXZ_A_sim78_rep1.npy
P2Y_purinoceptor_12~4PY0_A,1,79,0.0,Purinergic,single_state,P2Y_purinoceptor_12~4PY0_A~unknown~10769_trj_79.xtc,P2Y_purinoceptor_12~4PY0_A~unknown~10774_dyn_79.psf,P2Y_purinoceptor_12_4PY0_A_rep1_79.npy,P2Y_purinoceptor_12_4PY0_A_sim79_rep1.npy,P2Y_purinoceptor_12_4PY0_A_sim79_rep1.npy,2500,P2Y_purinoceptor_12_4PY0_A_rep1_79,P2Y_purinoceptor_12_4PY0_A_sim79_rep1.npy
P2Y_purinoceptor_1~4XNV_A,1,179,0.0,Purinergic,single_state,P2Y_purinoceptor_1~4XNV_A~unknown~11677_trj_179.xtc,P2Y_purinoceptor_1~4XNV_A~unknown~11683_dyn_179.psf,P2Y_purinoceptor_1_4XNV_A_rep1_179.npy,P2Y_purinoceptor_1_4XNV_A_sim179_rep1.npy,P2Y_purinoceptor_1_4XNV_A_sim179_rep1.npy,2500,P2Y_purinoceptor_1_4XNV_A_rep1_179,P2Y_purinoceptor_1_4XNV_A_sim179_rep1.npy
P2Y_purinoceptor_1~4XNV_A,1,206,0.0,Purinergic,single_state,P2Y_purinoceptor_1~4XNV_A~unknown~tmp_trj_2_206.xtc,P2Y_purinoceptor_1~4XNV_A~unknown~tmp_dyn_0_206.psf,P2Y_purinoceptor_1_4XNV_A_rep1_206.npy,P2Y_purinoceptor_1_4XNV_A_sim206_rep1.npy,P2Y_purinoceptor_1_4XNV_A_sim206_rep1.npy,2500,P2Y_purinoceptor_1_4XNV_A_rep1_206,P2Y_purinoceptor_1_4XNV_A_sim206_rep1.npy
P2Y_purinoceptor_1~4XNV_A,2,207,1.0,Purinergic,multi_state,P2Y_purinoceptor_1~4XNV_A~unknown~11951_trj_207.xtc,P2Y_purinoceptor_1~4XNV_A~207~11954_dyn_207.psf,P2Y_purinoceptor_1_4XNV_A_rep2_207.npy,P2Y_purinoceptor_1_4XNV_A_sim207_rep2.npy,P2Y_purinoceptor_1_4XNV_A_sim207_rep2.npy,2500,P2Y_purinoceptor_1_4XNV_A_rep2_207,P2Y_purinoceptor_1_4XNV_A_sim207_rep2.npy
P2Y_purinoceptor_1~4XNW_A,1,180,1.0,Purinergic,multi_state,P2Y_purinoceptor_1~4XNW_A~unknown~11684_trj_180.xtc,P2Y_purinoceptor_1~4XNW_A~unknown~11690_dyn_180.psf,P2Y_purinoceptor_1_4XNW_A_rep1_180.npy,P2Y_purinoceptor_1_4XNW_A_sim180_rep1.npy,P2Y_purinoceptor_1_4XNW_A_sim180_rep1.npy,2500,P2Y_purinoceptor_1_4XNW_A_rep1_180,P2Y_purinoceptor_1_4XNW_A_sim180_rep1.npy
P2Y_purinoceptor_1~4XNW_A,1,181,0.0,Purinergic,single_state,P2Y_purinoceptor_1~4XNW_A~unknown~11691_trj_181.xtc,P2Y_purinoceptor_1~4XNW_A~unknown~11696_dyn_181.psf,P2Y_purinoceptor_1_4XNW_A_rep1_181.npy,P2Y_purinoceptor_1_4XNW_A_sim181_rep1.npy,P2Y_purinoceptor_1_4XNW_A_sim181_rep1.npy,2500,P2Y_purinoceptor_1_4XNW_A_rep1_181,P2Y_purinoceptor_1_4XNW_A_sim181_rep1.npy
P2Y_purinoceptor_1~4XNW_A,1,182,0.0,Purinergic,single_state,P2Y_purinoceptor_1~4XNW_A~unknown~11698_trj_182.xtc,P2Y_purinoceptor_1~4XNW_A~unknown~11703_dyn_182.psf,P2Y_purinoceptor_1_4XNW_A_rep1_182.npy,P2Y_purinoceptor_1_4XNW_A_sim182_rep1.npy,P2Y_purinoceptor_1_4XNW_A_sim182_rep1.npy,2500,P2Y_purinoceptor_1_4XNW_A_rep1_182,P2Y_purinoceptor_1_4XNW_A_sim182_rep1.npy
Glucagon-like_peptide_1_receptor~5VEW,1,699,1.0,Secretin,multi_state,Glucagon-like_peptide_1_receptor~5VEW~unknown~15081_trj_699.xtc,Glucagon-like_peptide_1_receptor~5VEW~699~15082_dyn_699.psf,Glucagon-like_peptide_1_receptor_5VEW_rep1_699.npy,Glucagon-like_peptide_1_receptor_5VEW_sim699_rep1.npy,Glucagon-like_peptide_1_receptor_5VEW_sim699_rep1.npy,2500,Glucagon-like_peptide_1_receptor_5VEW_rep1_699,Glucagon-like_peptide_1_receptor_5VEW_sim699_rep1.npy
Glucagon_receptor~4L6R_A,1,110,0.0,Secretin,single_state,Glucagon_receptor~4L6R_A~unknown~11048_trj_110.xtc,Glucagon_receptor~4L6R_A~110~11051_dyn_110.psf,Glucagon_receptor_4L6R_A_rep1_110.npy,Glucagon_receptor_4L6R_A_sim110_rep1.npy,Glucagon_receptor_4L6R_A_sim110_rep1.npy,2500,Glucagon_receptor_4L6R_A_rep1_110,Glucagon_receptor_4L6R_A_sim110_rep1.npy
Glucagon_receptor~5EE7,1,815,0.0,Secretin,single_state,Glucagon_receptor~5EE7~unknown~15876_trj_815.xtc,Glucagon_receptor~5EE7~815~15873_dyn_815.psf,Glucagon_receptor_5EE7_rep1_815.npy,Glucagon_receptor_5EE7_sim815_rep1.npy,Glucagon_receptor_5EE7_sim815_rep1.npy,2500,Glucagon_receptor_5EE7_rep1_815,Glucagon_receptor_5EE7_sim815_rep1.npy
Protein_smoothened~AF3M,2,2355,0.0,Smoothened,single_state,Protein_smoothened~AF3M~unknown~25625_trj_2355.dcd,Protein_smoothened~AF3M~2355~25624_dyn_2355.psf,Protein_smoothened_AF3M_rep2_2355.npy,Protein_smoothened_AF3M_sim2355_rep2.npy,Protein_smoothened_AF3M_sim2355_rep2.npy,500,Protein_smoothened_AF3M_rep2_2355,Protein_smoothened_AF3M_sim2355_rep2.npy
Protein_smoothened~AF3M,1,2358,0.0,Smoothened,single_state,Protein_smoothened~AF3M~unknown~25634_trj_2358.xtc,Protein_smoothened~AF3M~2358~25633_dyn_2358.psf,Protein_smoothened_AF3M_rep1_2358.npy,Protein_smoothened_AF3M_sim2358_rep1.npy,Protein_smoothened_AF3M_sim2358_rep1.npy,750,Protein_smoothened_AF3M_rep1_2358,Protein_smoothened_AF3M_sim2358_rep1.npy
Smoothened_homolog~4QIN,1,203,0.0,Smoothened,single_state,Smoothened_homolog~4QIN~unknown~11913_trj_203.xtc,Smoothened_homolog~4QIN~unknown~11912_dyn_203.psf,Smoothened_homolog_4QIN_rep1_203.npy,Smoothened_homolog_4QIN_sim203_rep1.npy,Smoothened_homolog_4QIN_sim203_rep1.npy,1001,Smoothened_homolog_4QIN_rep1_203,Smoothened_homolog_4QIN_sim203_rep1.npy
Smoothened_homolog~5L7D_Z,1,161,0.0,Smoothened,single_state,Smoothened_homolog~5L7D_Z~unknown~11763_trj_161.xtc,Smoothened_homolog~5L7D_Z~unknown~11767_dyn_161.psf,Smoothened_homolog_5L7D_Z_rep1_161.npy,Smoothened_homolog_5L7D_Z_sim161_rep1.npy,Smoothened_homolog_5L7D_Z_sim161_rep1.npy,1750,Smoothened_homolog_5L7D_Z_rep1_161,Smoothened_homolog_5L7D_Z_sim161_rep1.npy
Smoothened_homolog~5L7I_Z,1,191,0.0,Smoothened,single_state,Smoothened_homolog~5L7I_Z~unknown~11807_trj_191.xtc,Smoothened_homolog~5L7I_Z~unknown~11811_dyn_191.psf,Smoothened_homolog_5L7I_Z_rep1_191.npy,Smoothened_homolog_5L7I_Z_sim191_rep1.npy,Smoothened_homolog_5L7I_Z_sim191_rep1.npy,2500,Smoothened_homolog_5L7I_Z_rep1_191,Smoothened_homolog_5L7I_Z_sim191_rep1.npy
Smoothened_homolog~5L7I_Z,1,192,0.0,Smoothened,single_state,Smoothened_homolog~5L7I_Z~unknown~11798_trj_192.xtc,Smoothened_homolog~5L7I_Z~unknown~11774_dyn_192.psf,Smoothened_homolog_5L7I_Z_rep1_192.npy,Smoothened_homolog_5L7I_Z_sim192_rep1.npy,Smoothened_homolog_5L7I_Z_sim192_rep1.npy,2500,Smoothened_homolog_5L7I_Z_rep1_192,Smoothened_homolog_5L7I_Z_sim192_rep1.npy
Rhodopsin~1U19_A,1,12,0.0,Visual,single_state,Rhodopsin~1U19_A~unknown~10193_trj_12.xtc,Rhodopsin~1U19_A~unknown~10196_dyn_12.psf,Rhodopsin_1U19_A_rep1_12.npy,Rhodopsin_1U19_A_sim12_rep1.npy,Rhodopsin_1U19_A_sim12_rep1.npy,2500,Rhodopsin_1U19_A_rep1_12,Rhodopsin_1U19_A_sim12_rep1.npy
Rhodopsin~3C9M,2,757,0.0,Visual,single_state,Rhodopsin~3C9M~unknown~15485_trj_757.xtc,Rhodopsin~3C9M~757~15482_dyn_757.psf,Rhodopsin_3C9M_rep2_757.npy,Rhodopsin_3C9M_sim757_rep2.npy,Rhodopsin_3C9M_sim757_rep2.npy,2500,Rhodopsin_3C9M_rep2_757,Rhodopsin_3C9M_sim757_rep2.npy
Rhodopsin~3DQB_A,1,122,0.0,Visual,single_state,Rhodopsin~3DQB_A~unknown~11171_trj_122.xtc,Rhodopsin~3DQB_A~unknown~11176_dyn_122.psf,Rhodopsin_3DQB_A_rep1_122.npy,Rhodopsin_3DQB_A_sim122_rep1.npy,Rhodopsin_3DQB_A_sim122_rep1.npy,2500,Rhodopsin_3DQB_A_rep1_122,Rhodopsin_3DQB_A_sim122_rep1.npy
Rhodopsin~3PQR_A,1,125,0.0,Visual,single_state,Rhodopsin~3PQR_A~unknown~11201_trj_125.xtc,Rhodopsin~3PQR_A~unknown~11205_dyn_125.psf,Rhodopsin_3PQR_A_rep1_125.npy,Rhodopsin_3PQR_A_sim125_rep1.npy,Rhodopsin_3PQR_A_sim125_rep1.npy,2500,Rhodopsin_3PQR_A_rep1_125,Rhodopsin_3PQR_A_sim125_rep1.npy
Rhodopsin~4J4Q,1,197,0.0,Visual,single_state,Rhodopsin~4J4Q~unknown~11860_trj_197.xtc,Rhodopsin~4J4Q~unknown~11865_dyn_197.psf,Rhodopsin_4J4Q_rep1_197.npy,Rhodopsin_4J4Q_sim197_rep1.npy,Rhodopsin_4J4Q_sim197_rep1.npy,3025,Rhodopsin_4J4Q_rep1_197,Rhodopsin_4J4Q_sim197_rep1.npy
Rhodopsin~5DYS,1,873,0.0,Visual,single_state,Rhodopsin~5DYS~unknown~16272_trj_873.xtc,Rhodopsin~5DYS~873~16269_dyn_873.psf,Rhodopsin_5DYS_rep1_873.npy,Rhodopsin_5DYS_sim873_rep1.npy,Rhodopsin_5DYS_sim873_rep1.npy,2500,Rhodopsin_5DYS_rep1_873,Rhodopsin_5DYS_sim873_rep1.npy
Rhodopsin~6FK7,1,913,0.0,Visual,single_state,Rhodopsin~6FK7~unknown~16541_trj_913.xtc,Rhodopsin~6FK7~913~16538_dyn_913.psf,Rhodopsin_6FK7_rep1_913.npy,Rhodopsin_6FK7_sim913_rep1.npy,Rhodopsin_6FK7_sim913_rep1.npy,2500,Rhodopsin_6FK7_rep1_913,Rhodopsin_6FK7_sim913_rep1.npy
Rhodopsin~6FK9,1,777,0.0,Visual,single_state,Rhodopsin~6FK9~unknown~15620_trj_777.xtc,Rhodopsin~6FK9~777~15617_dyn_777.psf,Rhodopsin_6FK9_rep1_777.npy,Rhodopsin_6FK9_sim777_rep1.npy,Rhodopsin_6FK9_sim777_rep1.npy,2500,Rhodopsin_6FK9_rep1_777,Rhodopsin_6FK9_sim777_rep1.npy
Rhodopsin~6FKC,1,706,1.0,Visual,multi_state,Rhodopsin~6FKC~unknown~15126_trj_706.xtc,Rhodopsin~6FKC~706~15123_dyn_706.psf,Rhodopsin_6FKC_rep1_706.npy,Rhodopsin_6FKC_sim706_rep1.npy,Rhodopsin_6FKC_sim706_rep1.npy,2500,Rhodopsin_6FKC_rep1_706,Rhodopsin_6FKC_sim706_rep1.npy
unknown~3W5A,2,1310,0.0,,single_state,unknown~3W5A~unknown~19457_trj_1310.dcd,unknown~3W5A~1310~19459_dyn_1310.psf,unknown_3W5A_rep2_1310.npy,unknown_3W5A_sim1310_rep2.npy,unknown_3W5A_sim1310_rep2.npy,1500,unknown_3W5A_rep2_1310,unknown_3W5A_sim1310_rep2.npy
unknown~3W5A,1,1311,1.0,,multi_state,unknown~3W5A~unknown~19462_trj_1311.dcd,unknown~3W5A~unknown~19464_dyn_1311.psf,unknown_3W5A_rep1_1311.npy,unknown_3W5A_sim1311_rep1.npy,unknown_3W5A_sim1311_rep1.npy,5680,unknown_3W5A_rep1_1311,unknown_3W5A_sim1311_rep1.npy
unknown~3W5A,1,1312,0.0,,single_state,unknown~3W5A~unknown~19467_trj_1312.dcd,unknown~3W5A~1312~19469_dyn_1312.psf,unknown_3W5A_rep1_1312.npy,unknown_3W5A_sim1312_rep1.npy,unknown_3W5A_sim1312_rep1.npy,5000,unknown_3W5A_rep1_1312,unknown_3W5A_sim1312_rep1.npy
unknown~3W5A,1,1313,0.0,,single_state,unknown~3W5A~unknown~19473_trj_1313.dcd,unknown~3W5A~1313~19474_dyn_1313.psf,unknown_3W5A_rep1_1313.npy,unknown_3W5A_sim1313_rep1.npy,unknown_3W5A_sim1313_rep1.npy,10680,unknown_3W5A_rep1_1313,unknown_3W5A_sim1313_rep1.npy
unknown~3W5A,1,1314,0.0,,single_state,unknown~3W5A~unknown~19478_trj_1314.dcd,unknown~3W5A~1314~19479_dyn_1314.psf,unknown_3W5A_rep1_1314.npy,unknown_3W5A_sim1314_rep1.npy,unknown_3W5A_sim1314_rep1.npy,10680,unknown_3W5A_rep1_1314,unknown_3W5A_sim1314_rep1.npy